[0.168s] DEBUG:colcon:Command line arguments: ['/usr/bin/colcon', 'build', '--packages-select', 'dofbot_control']
[0.168s] DEBUG:colcon:Parsed command line arguments: Namespace(log_base=None, log_level=None, verb_name='build', build_base='build', install_base='install', merge_install=False, symlink_install=False, test_result_base=None, continue_on_error=False, executor='parallel', parallel_workers=12, event_handlers=None, ignore_user_meta=False, metas=['./colcon.meta'], base_paths=['.'], packages_ignore=None, packages_ignore_regex=None, paths=None, packages_up_to=None, packages_up_to_regex=None, packages_above=None, packages_above_and_dependencies=None, packages_above_depth=None, packages_select_by_dep=None, packages_skip_by_dep=None, packages_skip_up_to=None, packages_select_build_failed=False, packages_skip_build_finished=False, packages_select_test_failures=False, packages_skip_test_passed=False, packages_select=['dofbot_control'], packages_skip=None, packages_select_regex=None, packages_skip_regex=None, packages_start=None, packages_end=None, allow_overriding=[], cmake_args=None, cmake_target=None, cmake_target_skip_unavailable=False, cmake_clean_cache=False, cmake_clean_first=False, cmake_force_configure=False, ament_cmake_args=None, catkin_cmake_args=None, catkin_skip_building_tests=False, verb_parser=<colcon_defaults.argument_parser.defaults.DefaultArgumentsDecorator object at 0x7ef64f3eb640>, verb_extension=<colcon_core.verb.build.BuildVerb object at 0x7ef64f570970>, main=<bound method BuildVerb.main of <colcon_core.verb.build.BuildVerb object at 0x7ef64f570970>>)
[0.499s] Level 1:colcon.colcon_core.package_discovery:discover_packages(colcon_meta) check parameters
[0.499s] Level 1:colcon.colcon_core.package_discovery:discover_packages(recursive) check parameters
[0.499s] Level 1:colcon.colcon_core.package_discovery:discover_packages(ignore) check parameters
[0.499s] Level 1:colcon.colcon_core.package_discovery:discover_packages(path) check parameters
[0.499s] Level 1:colcon.colcon_core.package_discovery:discover_packages(colcon_meta) discover
[0.499s] Level 1:colcon.colcon_core.package_discovery:discover_packages(recursive) discover
[0.499s] INFO:colcon.colcon_core.package_discovery:Crawling recursively for packages in '/home/sunbi/Manipulator'
[0.499s] Level 1:colcon.colcon_core.package_identification:_identify(.) by extensions ['ignore', 'ignore_ament_install']
[0.500s] Level 1:colcon.colcon_core.package_identification:_identify(.) by extension 'ignore'
[0.500s] Level 1:colcon.colcon_core.package_identification:_identify(.) by extension 'ignore_ament_install'
[0.500s] Level 1:colcon.colcon_core.package_identification:_identify(.) by extensions ['colcon_pkg']
[0.500s] Level 1:colcon.colcon_core.package_identification:_identify(.) by extension 'colcon_pkg'
[0.500s] Level 1:colcon.colcon_core.package_identification:_identify(.) by extensions ['colcon_meta']
[0.500s] Level 1:colcon.colcon_core.package_identification:_identify(.) by extension 'colcon_meta'
[0.500s] Level 1:colcon.colcon_core.package_identification:_identify(.) by extensions ['ros']
[0.500s] Level 1:colcon.colcon_core.package_identification:_identify(.) by extension 'ros'
[0.514s] Level 1:colcon.colcon_core.package_identification:_identify(.) by extensions ['cmake', 'python']
[0.514s] Level 1:colcon.colcon_core.package_identification:_identify(.) by extension 'cmake'
[0.514s] Level 1:colcon.colcon_core.package_identification:_identify(.) by extension 'python'
[0.514s] Level 1:colcon.colcon_core.package_identification:_identify(.) by extensions ['python_setup_py']
[0.514s] Level 1:colcon.colcon_core.package_identification:_identify(.) by extension 'python_setup_py'
[0.514s] Level 1:colcon.colcon_core.package_identification:_identify(Code) by extensions ['ignore', 'ignore_ament_install']
[0.515s] Level 1:colcon.colcon_core.package_identification:_identify(Code) by extension 'ignore'
[0.515s] Level 1:colcon.colcon_core.package_identification:_identify(Code) by extension 'ignore_ament_install'
[0.515s] Level 1:colcon.colcon_core.package_identification:_identify(Code) by extensions ['colcon_pkg']
[0.515s] Level 1:colcon.colcon_core.package_identification:_identify(Code) by extension 'colcon_pkg'
[0.515s] Level 1:colcon.colcon_core.package_identification:_identify(Code) by extensions ['colcon_meta']
[0.515s] Level 1:colcon.colcon_core.package_identification:_identify(Code) by extension 'colcon_meta'
[0.515s] Level 1:colcon.colcon_core.package_identification:_identify(Code) by extensions ['ros']
[0.515s] Level 1:colcon.colcon_core.package_identification:_identify(Code) by extension 'ros'
[0.515s] Level 1:colcon.colcon_core.package_identification:_identify(Code) by extensions ['cmake', 'python']
[0.515s] Level 1:colcon.colcon_core.package_identification:_identify(Code) by extension 'cmake'
[0.515s] Level 1:colcon.colcon_core.package_identification:_identify(Code) by extension 'python'
[0.515s] Level 1:colcon.colcon_core.package_identification:_identify(Code) by extensions ['python_setup_py']
[0.515s] Level 1:colcon.colcon_core.package_identification:_identify(Code) by extension 'python_setup_py'
[0.515s] Level 1:colcon.colcon_core.package_identification:_identify(Code/Dofbot) by extensions ['ignore', 'ignore_ament_install']
[0.515s] Level 1:colcon.colcon_core.package_identification:_identify(Code/Dofbot) by extension 'ignore'
[0.515s] Level 1:colcon.colcon_core.package_identification:_identify(Code/Dofbot) by extension 'ignore_ament_install'
[0.515s] Level 1:colcon.colcon_core.package_identification:_identify(Code/Dofbot) by extensions ['colcon_pkg']
[0.515s] Level 1:colcon.colcon_core.package_identification:_identify(Code/Dofbot) by extension 'colcon_pkg'
[0.515s] Level 1:colcon.colcon_core.package_identification:_identify(Code/Dofbot) by extensions ['colcon_meta']
[0.515s] Level 1:colcon.colcon_core.package_identification:_identify(Code/Dofbot) by extension 'colcon_meta'
[0.516s] Level 1:colcon.colcon_core.package_identification:_identify(Code/Dofbot) by extensions ['ros']
[0.516s] Level 1:colcon.colcon_core.package_identification:_identify(Code/Dofbot) by extension 'ros'
[0.516s] Level 1:colcon.colcon_core.package_identification:_identify(Code/Dofbot) by extensions ['cmake', 'python']
[0.516s] Level 1:colcon.colcon_core.package_identification:_identify(Code/Dofbot) by extension 'cmake'
[0.516s] Level 1:colcon.colcon_core.package_identification:_identify(Code/Dofbot) by extension 'python'
[0.516s] Level 1:colcon.colcon_core.package_identification:_identify(Code/Dofbot) by extensions ['python_setup_py']
[0.516s] Level 1:colcon.colcon_core.package_identification:_identify(Code/Dofbot) by extension 'python_setup_py'
[0.516s] Level 1:colcon.colcon_core.package_identification:_identify(Code/Dofbot/0.py_install) by extensions ['ignore', 'ignore_ament_install']
[0.516s] Level 1:colcon.colcon_core.package_identification:_identify(Code/Dofbot/0.py_install) by extension 'ignore'
[0.516s] Level 1:colcon.colcon_core.package_identification:_identify(Code/Dofbot/0.py_install) by extension 'ignore_ament_install'
[0.516s] Level 1:colcon.colcon_core.package_identification:_identify(Code/Dofbot/0.py_install) by extensions ['colcon_pkg']
[0.516s] Level 1:colcon.colcon_core.package_identification:_identify(Code/Dofbot/0.py_install) by extension 'colcon_pkg'
[0.516s] Level 1:colcon.colcon_core.package_identification:_identify(Code/Dofbot/0.py_install) by extensions ['colcon_meta']
[0.516s] Level 1:colcon.colcon_core.package_identification:_identify(Code/Dofbot/0.py_install) by extension 'colcon_meta'
[0.516s] Level 1:colcon.colcon_core.package_identification:_identify(Code/Dofbot/0.py_install) by extensions ['ros']
[0.516s] Level 1:colcon.colcon_core.package_identification:_identify(Code/Dofbot/0.py_install) by extension 'ros'
[0.516s] Level 1:colcon.colcon_core.package_identification:_identify(Code/Dofbot/0.py_install) by extensions ['cmake', 'python']
[0.516s] Level 1:colcon.colcon_core.package_identification:_identify(Code/Dofbot/0.py_install) by extension 'cmake'
[0.516s] Level 1:colcon.colcon_core.package_identification:_identify(Code/Dofbot/0.py_install) by extension 'python'
[0.516s] Level 1:colcon.colcon_core.package_identification:_identify(Code/Dofbot/0.py_install) by extensions ['python_setup_py']
[0.516s] Level 1:colcon.colcon_core.package_identification:_identify(Code/Dofbot/0.py_install) by extension 'python_setup_py'
[0.718s] DEBUG:colcon.colcon_core.package_identification:Package 'Code/Dofbot/0.py_install' with type 'python' and name 'Arm_Lib'
[0.718s] Level 1:colcon.colcon_core.package_identification:_identify(Code/Dofbot/1.telecontrol) by extensions ['ignore', 'ignore_ament_install']
[0.718s] Level 1:colcon.colcon_core.package_identification:_identify(Code/Dofbot/1.telecontrol) by extension 'ignore'
[0.718s] Level 1:colcon.colcon_core.package_identification:_identify(Code/Dofbot/1.telecontrol) by extension 'ignore_ament_install'
[0.718s] Level 1:colcon.colcon_core.package_identification:_identify(Code/Dofbot/1.telecontrol) by extensions ['colcon_pkg']
[0.718s] Level 1:colcon.colcon_core.package_identification:_identify(Code/Dofbot/1.telecontrol) by extension 'colcon_pkg'
[0.718s] Level 1:colcon.colcon_core.package_identification:_identify(Code/Dofbot/1.telecontrol) by extensions ['colcon_meta']
[0.718s] Level 1:colcon.colcon_core.package_identification:_identify(Code/Dofbot/1.telecontrol) by extension 'colcon_meta'
[0.718s] Level 1:colcon.colcon_core.package_identification:_identify(Code/Dofbot/1.telecontrol) by extensions ['ros']
[0.719s] Level 1:colcon.colcon_core.package_identification:_identify(Code/Dofbot/1.telecontrol) by extension 'ros'
[0.719s] Level 1:colcon.colcon_core.package_identification:_identify(Code/Dofbot/1.telecontrol) by extensions ['cmake', 'python']
[0.719s] Level 1:colcon.colcon_core.package_identification:_identify(Code/Dofbot/1.telecontrol) by extension 'cmake'
[0.719s] Level 1:colcon.colcon_core.package_identification:_identify(Code/Dofbot/1.telecontrol) by extension 'python'
[0.719s] Level 1:colcon.colcon_core.package_identification:_identify(Code/Dofbot/1.telecontrol) by extensions ['python_setup_py']
[0.719s] Level 1:colcon.colcon_core.package_identification:_identify(Code/Dofbot/1.telecontrol) by extension 'python_setup_py'
[0.719s] Level 1:colcon.colcon_core.package_identification:_identify(Code/Dofbot/1.telecontrol/4.arm_handle) by extensions ['ignore', 'ignore_ament_install']
[0.719s] Level 1:colcon.colcon_core.package_identification:_identify(Code/Dofbot/1.telecontrol/4.arm_handle) by extension 'ignore'
[0.719s] Level 1:colcon.colcon_core.package_identification:_identify(Code/Dofbot/1.telecontrol/4.arm_handle) by extension 'ignore_ament_install'
[0.719s] Level 1:colcon.colcon_core.package_identification:_identify(Code/Dofbot/1.telecontrol/4.arm_handle) by extensions ['colcon_pkg']
[0.719s] Level 1:colcon.colcon_core.package_identification:_identify(Code/Dofbot/1.telecontrol/4.arm_handle) by extension 'colcon_pkg'
[0.719s] Level 1:colcon.colcon_core.package_identification:_identify(Code/Dofbot/1.telecontrol/4.arm_handle) by extensions ['colcon_meta']
[0.719s] Level 1:colcon.colcon_core.package_identification:_identify(Code/Dofbot/1.telecontrol/4.arm_handle) by extension 'colcon_meta'
[0.719s] Level 1:colcon.colcon_core.package_identification:_identify(Code/Dofbot/1.telecontrol/4.arm_handle) by extensions ['ros']
[0.719s] Level 1:colcon.colcon_core.package_identification:_identify(Code/Dofbot/1.telecontrol/4.arm_handle) by extension 'ros'
[0.719s] Level 1:colcon.colcon_core.package_identification:_identify(Code/Dofbot/1.telecontrol/4.arm_handle) by extensions ['cmake', 'python']
[0.719s] Level 1:colcon.colcon_core.package_identification:_identify(Code/Dofbot/1.telecontrol/4.arm_handle) by extension 'cmake'
[0.719s] Level 1:colcon.colcon_core.package_identification:_identify(Code/Dofbot/1.telecontrol/4.arm_handle) by extension 'python'
[0.719s] Level 1:colcon.colcon_core.package_identification:_identify(Code/Dofbot/1.telecontrol/4.arm_handle) by extensions ['python_setup_py']
[0.719s] Level 1:colcon.colcon_core.package_identification:_identify(Code/Dofbot/1.telecontrol/4.arm_handle) by extension 'python_setup_py'
[0.720s] Level 1:colcon.colcon_core.package_identification:_identify(Code/Dofbot/2.sys_settings) by extensions ['ignore', 'ignore_ament_install']
[0.720s] Level 1:colcon.colcon_core.package_identification:_identify(Code/Dofbot/2.sys_settings) by extension 'ignore'
[0.720s] Level 1:colcon.colcon_core.package_identification:_identify(Code/Dofbot/2.sys_settings) by extension 'ignore_ament_install'
[0.720s] Level 1:colcon.colcon_core.package_identification:_identify(Code/Dofbot/2.sys_settings) by extensions ['colcon_pkg']
[0.720s] Level 1:colcon.colcon_core.package_identification:_identify(Code/Dofbot/2.sys_settings) by extension 'colcon_pkg'
[0.720s] Level 1:colcon.colcon_core.package_identification:_identify(Code/Dofbot/2.sys_settings) by extensions ['colcon_meta']
[0.720s] Level 1:colcon.colcon_core.package_identification:_identify(Code/Dofbot/2.sys_settings) by extension 'colcon_meta'
[0.720s] Level 1:colcon.colcon_core.package_identification:_identify(Code/Dofbot/2.sys_settings) by extensions ['ros']
[0.720s] Level 1:colcon.colcon_core.package_identification:_identify(Code/Dofbot/2.sys_settings) by extension 'ros'
[0.720s] Level 1:colcon.colcon_core.package_identification:_identify(Code/Dofbot/2.sys_settings) by extensions ['cmake', 'python']
[0.720s] Level 1:colcon.colcon_core.package_identification:_identify(Code/Dofbot/2.sys_settings) by extension 'cmake'
[0.720s] Level 1:colcon.colcon_core.package_identification:_identify(Code/Dofbot/2.sys_settings) by extension 'python'
[0.720s] Level 1:colcon.colcon_core.package_identification:_identify(Code/Dofbot/2.sys_settings) by extensions ['python_setup_py']
[0.720s] Level 1:colcon.colcon_core.package_identification:_identify(Code/Dofbot/2.sys_settings) by extension 'python_setup_py'
[0.720s] Level 1:colcon.colcon_core.package_identification:_identify(Code/Dofbot/2.sys_settings/1.OLED) by extensions ['ignore', 'ignore_ament_install']
[0.720s] Level 1:colcon.colcon_core.package_identification:_identify(Code/Dofbot/2.sys_settings/1.OLED) by extension 'ignore'
[0.720s] Level 1:colcon.colcon_core.package_identification:_identify(Code/Dofbot/2.sys_settings/1.OLED) by extension 'ignore_ament_install'
[0.720s] Level 1:colcon.colcon_core.package_identification:_identify(Code/Dofbot/2.sys_settings/1.OLED) by extensions ['colcon_pkg']
[0.720s] Level 1:colcon.colcon_core.package_identification:_identify(Code/Dofbot/2.sys_settings/1.OLED) by extension 'colcon_pkg'
[0.720s] Level 1:colcon.colcon_core.package_identification:_identify(Code/Dofbot/2.sys_settings/1.OLED) by extensions ['colcon_meta']
[0.720s] Level 1:colcon.colcon_core.package_identification:_identify(Code/Dofbot/2.sys_settings/1.OLED) by extension 'colcon_meta'
[0.720s] Level 1:colcon.colcon_core.package_identification:_identify(Code/Dofbot/2.sys_settings/1.OLED) by extensions ['ros']
[0.721s] Level 1:colcon.colcon_core.package_identification:_identify(Code/Dofbot/2.sys_settings/1.OLED) by extension 'ros'
[0.721s] Level 1:colcon.colcon_core.package_identification:_identify(Code/Dofbot/2.sys_settings/1.OLED) by extensions ['cmake', 'python']
[0.721s] Level 1:colcon.colcon_core.package_identification:_identify(Code/Dofbot/2.sys_settings/1.OLED) by extension 'cmake'
[0.721s] Level 1:colcon.colcon_core.package_identification:_identify(Code/Dofbot/2.sys_settings/1.OLED) by extension 'python'
[0.721s] Level 1:colcon.colcon_core.package_identification:_identify(Code/Dofbot/2.sys_settings/1.OLED) by extensions ['python_setup_py']
[0.721s] Level 1:colcon.colcon_core.package_identification:_identify(Code/Dofbot/2.sys_settings/1.OLED) by extension 'python_setup_py'
[0.721s] Level 1:colcon.colcon_core.package_identification:_identify(Code/Dofbot/3.ctrl_Arm) by extensions ['ignore', 'ignore_ament_install']
[0.721s] Level 1:colcon.colcon_core.package_identification:_identify(Code/Dofbot/3.ctrl_Arm) by extension 'ignore'
[0.721s] Level 1:colcon.colcon_core.package_identification:_identify(Code/Dofbot/3.ctrl_Arm) by extension 'ignore_ament_install'
[0.721s] Level 1:colcon.colcon_core.package_identification:_identify(Code/Dofbot/3.ctrl_Arm) by extensions ['colcon_pkg']
[0.721s] Level 1:colcon.colcon_core.package_identification:_identify(Code/Dofbot/3.ctrl_Arm) by extension 'colcon_pkg'
[0.721s] Level 1:colcon.colcon_core.package_identification:_identify(Code/Dofbot/3.ctrl_Arm) by extensions ['colcon_meta']
[0.721s] Level 1:colcon.colcon_core.package_identification:_identify(Code/Dofbot/3.ctrl_Arm) by extension 'colcon_meta'
[0.721s] Level 1:colcon.colcon_core.package_identification:_identify(Code/Dofbot/3.ctrl_Arm) by extensions ['ros']
[0.721s] Level 1:colcon.colcon_core.package_identification:_identify(Code/Dofbot/3.ctrl_Arm) by extension 'ros'
[0.721s] Level 1:colcon.colcon_core.package_identification:_identify(Code/Dofbot/3.ctrl_Arm) by extensions ['cmake', 'python']
[0.721s] Level 1:colcon.colcon_core.package_identification:_identify(Code/Dofbot/3.ctrl_Arm) by extension 'cmake'
[0.722s] Level 1:colcon.colcon_core.package_identification:_identify(Code/Dofbot/3.ctrl_Arm) by extension 'python'
[0.722s] Level 1:colcon.colcon_core.package_identification:_identify(Code/Dofbot/3.ctrl_Arm) by extensions ['python_setup_py']
[0.722s] Level 1:colcon.colcon_core.package_identification:_identify(Code/Dofbot/3.ctrl_Arm) by extension 'python_setup_py'
[0.722s] Level 1:colcon.colcon_core.package_identification:_identify(Code/Dofbot/3.ctrl_Arm/12.sync_movement) by extensions ['ignore', 'ignore_ament_install']
[0.722s] Level 1:colcon.colcon_core.package_identification:_identify(Code/Dofbot/3.ctrl_Arm/12.sync_movement) by extension 'ignore'
[0.722s] Level 1:colcon.colcon_core.package_identification:_identify(Code/Dofbot/3.ctrl_Arm/12.sync_movement) by extension 'ignore_ament_install'
[0.722s] Level 1:colcon.colcon_core.package_identification:_identify(Code/Dofbot/3.ctrl_Arm/12.sync_movement) by extensions ['colcon_pkg']
[0.722s] Level 1:colcon.colcon_core.package_identification:_identify(Code/Dofbot/3.ctrl_Arm/12.sync_movement) by extension 'colcon_pkg'
[0.722s] Level 1:colcon.colcon_core.package_identification:_identify(Code/Dofbot/3.ctrl_Arm/12.sync_movement) by extensions ['colcon_meta']
[0.722s] Level 1:colcon.colcon_core.package_identification:_identify(Code/Dofbot/3.ctrl_Arm/12.sync_movement) by extension 'colcon_meta'
[0.722s] Level 1:colcon.colcon_core.package_identification:_identify(Code/Dofbot/3.ctrl_Arm/12.sync_movement) by extensions ['ros']
[0.722s] Level 1:colcon.colcon_core.package_identification:_identify(Code/Dofbot/3.ctrl_Arm/12.sync_movement) by extension 'ros'
[0.722s] Level 1:colcon.colcon_core.package_identification:_identify(Code/Dofbot/3.ctrl_Arm/12.sync_movement) by extensions ['cmake', 'python']
[0.722s] Level 1:colcon.colcon_core.package_identification:_identify(Code/Dofbot/3.ctrl_Arm/12.sync_movement) by extension 'cmake'
[0.722s] Level 1:colcon.colcon_core.package_identification:_identify(Code/Dofbot/3.ctrl_Arm/12.sync_movement) by extension 'python'
[0.722s] Level 1:colcon.colcon_core.package_identification:_identify(Code/Dofbot/3.ctrl_Arm/12.sync_movement) by extensions ['python_setup_py']
[0.722s] Level 1:colcon.colcon_core.package_identification:_identify(Code/Dofbot/3.ctrl_Arm/12.sync_movement) by extension 'python_setup_py'
[0.722s] Level 1:colcon.colcon_core.package_identification:_identify(Code/Dofbot/4.opencv) by extensions ['ignore', 'ignore_ament_install']
[0.722s] Level 1:colcon.colcon_core.package_identification:_identify(Code/Dofbot/4.opencv) by extension 'ignore'
[0.723s] Level 1:colcon.colcon_core.package_identification:_identify(Code/Dofbot/4.opencv) by extension 'ignore_ament_install'
[0.723s] Level 1:colcon.colcon_core.package_identification:_identify(Code/Dofbot/4.opencv) by extensions ['colcon_pkg']
[0.723s] Level 1:colcon.colcon_core.package_identification:_identify(Code/Dofbot/4.opencv) by extension 'colcon_pkg'
[0.723s] Level 1:colcon.colcon_core.package_identification:_identify(Code/Dofbot/4.opencv) by extensions ['colcon_meta']
[0.723s] Level 1:colcon.colcon_core.package_identification:_identify(Code/Dofbot/4.opencv) by extension 'colcon_meta'
[0.723s] Level 1:colcon.colcon_core.package_identification:_identify(Code/Dofbot/4.opencv) by extensions ['ros']
[0.723s] Level 1:colcon.colcon_core.package_identification:_identify(Code/Dofbot/4.opencv) by extension 'ros'
[0.723s] Level 1:colcon.colcon_core.package_identification:_identify(Code/Dofbot/4.opencv) by extensions ['cmake', 'python']
[0.723s] Level 1:colcon.colcon_core.package_identification:_identify(Code/Dofbot/4.opencv) by extension 'cmake'
[0.723s] Level 1:colcon.colcon_core.package_identification:_identify(Code/Dofbot/4.opencv) by extension 'python'
[0.723s] Level 1:colcon.colcon_core.package_identification:_identify(Code/Dofbot/4.opencv) by extensions ['python_setup_py']
[0.723s] Level 1:colcon.colcon_core.package_identification:_identify(Code/Dofbot/4.opencv) by extension 'python_setup_py'
[0.723s] Level 1:colcon.colcon_core.package_identification:_identify(Code/Dofbot/4.opencv/01_Getting_Started_with_OpenCV) by extensions ['ignore', 'ignore_ament_install']
[0.723s] Level 1:colcon.colcon_core.package_identification:_identify(Code/Dofbot/4.opencv/01_Getting_Started_with_OpenCV) by extension 'ignore'
[0.723s] Level 1:colcon.colcon_core.package_identification:_identify(Code/Dofbot/4.opencv/01_Getting_Started_with_OpenCV) by extension 'ignore_ament_install'
[0.723s] Level 1:colcon.colcon_core.package_identification:_identify(Code/Dofbot/4.opencv/01_Getting_Started_with_OpenCV) by extensions ['colcon_pkg']
[0.723s] Level 1:colcon.colcon_core.package_identification:_identify(Code/Dofbot/4.opencv/01_Getting_Started_with_OpenCV) by extension 'colcon_pkg'
[0.723s] Level 1:colcon.colcon_core.package_identification:_identify(Code/Dofbot/4.opencv/01_Getting_Started_with_OpenCV) by extensions ['colcon_meta']
[0.723s] Level 1:colcon.colcon_core.package_identification:_identify(Code/Dofbot/4.opencv/01_Getting_Started_with_OpenCV) by extension 'colcon_meta'
[0.723s] Level 1:colcon.colcon_core.package_identification:_identify(Code/Dofbot/4.opencv/01_Getting_Started_with_OpenCV) by extensions ['ros']
[0.723s] Level 1:colcon.colcon_core.package_identification:_identify(Code/Dofbot/4.opencv/01_Getting_Started_with_OpenCV) by extension 'ros'
[0.723s] Level 1:colcon.colcon_core.package_identification:_identify(Code/Dofbot/4.opencv/01_Getting_Started_with_OpenCV) by extensions ['cmake', 'python']
[0.723s] Level 1:colcon.colcon_core.package_identification:_identify(Code/Dofbot/4.opencv/01_Getting_Started_with_OpenCV) by extension 'cmake'
[0.724s] Level 1:colcon.colcon_core.package_identification:_identify(Code/Dofbot/4.opencv/01_Getting_Started_with_OpenCV) by extension 'python'
[0.724s] Level 1:colcon.colcon_core.package_identification:_identify(Code/Dofbot/4.opencv/01_Getting_Started_with_OpenCV) by extensions ['python_setup_py']
[0.724s] Level 1:colcon.colcon_core.package_identification:_identify(Code/Dofbot/4.opencv/01_Getting_Started_with_OpenCV) by extension 'python_setup_py'
[0.724s] Level 1:colcon.colcon_core.package_identification:_identify(Code/Dofbot/4.opencv/02_OpenCV Transform) by extensions ['ignore', 'ignore_ament_install']
[0.724s] Level 1:colcon.colcon_core.package_identification:_identify(Code/Dofbot/4.opencv/02_OpenCV Transform) by extension 'ignore'
[0.724s] Level 1:colcon.colcon_core.package_identification:_identify(Code/Dofbot/4.opencv/02_OpenCV Transform) by extension 'ignore_ament_install'
[0.724s] Level 1:colcon.colcon_core.package_identification:_identify(Code/Dofbot/4.opencv/02_OpenCV Transform) by extensions ['colcon_pkg']
[0.724s] Level 1:colcon.colcon_core.package_identification:_identify(Code/Dofbot/4.opencv/02_OpenCV Transform) by extension 'colcon_pkg'
[0.724s] Level 1:colcon.colcon_core.package_identification:_identify(Code/Dofbot/4.opencv/02_OpenCV Transform) by extensions ['colcon_meta']
[0.724s] Level 1:colcon.colcon_core.package_identification:_identify(Code/Dofbot/4.opencv/02_OpenCV Transform) by extension 'colcon_meta'
[0.724s] Level 1:colcon.colcon_core.package_identification:_identify(Code/Dofbot/4.opencv/02_OpenCV Transform) by extensions ['ros']
[0.724s] Level 1:colcon.colcon_core.package_identification:_identify(Code/Dofbot/4.opencv/02_OpenCV Transform) by extension 'ros'
[0.724s] Level 1:colcon.colcon_core.package_identification:_identify(Code/Dofbot/4.opencv/02_OpenCV Transform) by extensions ['cmake', 'python']
[0.724s] Level 1:colcon.colcon_core.package_identification:_identify(Code/Dofbot/4.opencv/02_OpenCV Transform) by extension 'cmake'
[0.724s] Level 1:colcon.colcon_core.package_identification:_identify(Code/Dofbot/4.opencv/02_OpenCV Transform) by extension 'python'
[0.724s] Level 1:colcon.colcon_core.package_identification:_identify(Code/Dofbot/4.opencv/02_OpenCV Transform) by extensions ['python_setup_py']
[0.724s] Level 1:colcon.colcon_core.package_identification:_identify(Code/Dofbot/4.opencv/02_OpenCV Transform) by extension 'python_setup_py'
[0.724s] Level 1:colcon.colcon_core.package_identification:_identify(Code/Dofbot/4.opencv/03_Image processing and text drawing) by extensions ['ignore', 'ignore_ament_install']
[0.724s] Level 1:colcon.colcon_core.package_identification:_identify(Code/Dofbot/4.opencv/03_Image processing and text drawing) by extension 'ignore'
[0.724s] Level 1:colcon.colcon_core.package_identification:_identify(Code/Dofbot/4.opencv/03_Image processing and text drawing) by extension 'ignore_ament_install'
[0.725s] Level 1:colcon.colcon_core.package_identification:_identify(Code/Dofbot/4.opencv/03_Image processing and text drawing) by extensions ['colcon_pkg']
[0.725s] Level 1:colcon.colcon_core.package_identification:_identify(Code/Dofbot/4.opencv/03_Image processing and text drawing) by extension 'colcon_pkg'
[0.725s] Level 1:colcon.colcon_core.package_identification:_identify(Code/Dofbot/4.opencv/03_Image processing and text drawing) by extensions ['colcon_meta']
[0.725s] Level 1:colcon.colcon_core.package_identification:_identify(Code/Dofbot/4.opencv/03_Image processing and text drawing) by extension 'colcon_meta'
[0.725s] Level 1:colcon.colcon_core.package_identification:_identify(Code/Dofbot/4.opencv/03_Image processing and text drawing) by extensions ['ros']
[0.725s] Level 1:colcon.colcon_core.package_identification:_identify(Code/Dofbot/4.opencv/03_Image processing and text drawing) by extension 'ros'
[0.725s] Level 1:colcon.colcon_core.package_identification:_identify(Code/Dofbot/4.opencv/03_Image processing and text drawing) by extensions ['cmake', 'python']
[0.725s] Level 1:colcon.colcon_core.package_identification:_identify(Code/Dofbot/4.opencv/03_Image processing and text drawing) by extension 'cmake'
[0.725s] Level 1:colcon.colcon_core.package_identification:_identify(Code/Dofbot/4.opencv/03_Image processing and text drawing) by extension 'python'
[0.725s] Level 1:colcon.colcon_core.package_identification:_identify(Code/Dofbot/4.opencv/03_Image processing and text drawing) by extensions ['python_setup_py']
[0.725s] Level 1:colcon.colcon_core.package_identification:_identify(Code/Dofbot/4.opencv/03_Image processing and text drawing) by extension 'python_setup_py'
[0.725s] Level 1:colcon.colcon_core.package_identification:_identify(Code/Dofbot/4.opencv/4.Image beautification) by extensions ['ignore', 'ignore_ament_install']
[0.725s] Level 1:colcon.colcon_core.package_identification:_identify(Code/Dofbot/4.opencv/4.Image beautification) by extension 'ignore'
[0.725s] Level 1:colcon.colcon_core.package_identification:_identify(Code/Dofbot/4.opencv/4.Image beautification) by extension 'ignore_ament_install'
[0.725s] Level 1:colcon.colcon_core.package_identification:_identify(Code/Dofbot/4.opencv/4.Image beautification) by extensions ['colcon_pkg']
[0.725s] Level 1:colcon.colcon_core.package_identification:_identify(Code/Dofbot/4.opencv/4.Image beautification) by extension 'colcon_pkg'
[0.725s] Level 1:colcon.colcon_core.package_identification:_identify(Code/Dofbot/4.opencv/4.Image beautification) by extensions ['colcon_meta']
[0.725s] Level 1:colcon.colcon_core.package_identification:_identify(Code/Dofbot/4.opencv/4.Image beautification) by extension 'colcon_meta'
[0.725s] Level 1:colcon.colcon_core.package_identification:_identify(Code/Dofbot/4.opencv/4.Image beautification) by extensions ['ros']
[0.725s] Level 1:colcon.colcon_core.package_identification:_identify(Code/Dofbot/4.opencv/4.Image beautification) by extension 'ros'
[0.726s] Level 1:colcon.colcon_core.package_identification:_identify(Code/Dofbot/4.opencv/4.Image beautification) by extensions ['cmake', 'python']
[0.726s] Level 1:colcon.colcon_core.package_identification:_identify(Code/Dofbot/4.opencv/4.Image beautification) by extension 'cmake'
[0.726s] Level 1:colcon.colcon_core.package_identification:_identify(Code/Dofbot/4.opencv/4.Image beautification) by extension 'python'
[0.726s] Level 1:colcon.colcon_core.package_identification:_identify(Code/Dofbot/4.opencv/4.Image beautification) by extensions ['python_setup_py']
[0.726s] Level 1:colcon.colcon_core.package_identification:_identify(Code/Dofbot/4.opencv/4.Image beautification) by extension 'python_setup_py'
[0.726s] Level 1:colcon.colcon_core.package_identification:_identify(Code/Dofbot/6.AI_Visual) by extensions ['ignore', 'ignore_ament_install']
[0.726s] Level 1:colcon.colcon_core.package_identification:_identify(Code/Dofbot/6.AI_Visual) by extension 'ignore'
[0.726s] Level 1:colcon.colcon_core.package_identification:_identify(Code/Dofbot/6.AI_Visual) by extension 'ignore_ament_install'
[0.726s] Level 1:colcon.colcon_core.package_identification:_identify(Code/Dofbot/6.AI_Visual) by extensions ['colcon_pkg']
[0.726s] Level 1:colcon.colcon_core.package_identification:_identify(Code/Dofbot/6.AI_Visual) by extension 'colcon_pkg'
[0.726s] Level 1:colcon.colcon_core.package_identification:_identify(Code/Dofbot/6.AI_Visual) by extensions ['colcon_meta']
[0.726s] Level 1:colcon.colcon_core.package_identification:_identify(Code/Dofbot/6.AI_Visual) by extension 'colcon_meta'
[0.726s] Level 1:colcon.colcon_core.package_identification:_identify(Code/Dofbot/6.AI_Visual) by extensions ['ros']
[0.726s] Level 1:colcon.colcon_core.package_identification:_identify(Code/Dofbot/6.AI_Visual) by extension 'ros'
[0.726s] Level 1:colcon.colcon_core.package_identification:_identify(Code/Dofbot/6.AI_Visual) by extensions ['cmake', 'python']
[0.726s] Level 1:colcon.colcon_core.package_identification:_identify(Code/Dofbot/6.AI_Visual) by extension 'cmake'
[0.726s] Level 1:colcon.colcon_core.package_identification:_identify(Code/Dofbot/6.AI_Visual) by extension 'python'
[0.726s] Level 1:colcon.colcon_core.package_identification:_identify(Code/Dofbot/6.AI_Visual) by extensions ['python_setup_py']
[0.726s] Level 1:colcon.colcon_core.package_identification:_identify(Code/Dofbot/6.AI_Visual) by extension 'python_setup_py'
[0.726s] Level 1:colcon.colcon_core.package_identification:_identify(Code/Dofbot/6.AI_Visual/__pycache__) by extensions ['ignore', 'ignore_ament_install']
[0.726s] Level 1:colcon.colcon_core.package_identification:_identify(Code/Dofbot/6.AI_Visual/__pycache__) by extension 'ignore'
[0.726s] Level 1:colcon.colcon_core.package_identification:_identify(Code/Dofbot/6.AI_Visual/__pycache__) by extension 'ignore_ament_install'
[0.726s] Level 1:colcon.colcon_core.package_identification:_identify(Code/Dofbot/6.AI_Visual/__pycache__) by extensions ['colcon_pkg']
[0.726s] Level 1:colcon.colcon_core.package_identification:_identify(Code/Dofbot/6.AI_Visual/__pycache__) by extension 'colcon_pkg'
[0.726s] Level 1:colcon.colcon_core.package_identification:_identify(Code/Dofbot/6.AI_Visual/__pycache__) by extensions ['colcon_meta']
[0.726s] Level 1:colcon.colcon_core.package_identification:_identify(Code/Dofbot/6.AI_Visual/__pycache__) by extension 'colcon_meta'
[0.727s] Level 1:colcon.colcon_core.package_identification:_identify(Code/Dofbot/6.AI_Visual/__pycache__) by extensions ['ros']
[0.727s] Level 1:colcon.colcon_core.package_identification:_identify(Code/Dofbot/6.AI_Visual/__pycache__) by extension 'ros'
[0.727s] Level 1:colcon.colcon_core.package_identification:_identify(Code/Dofbot/6.AI_Visual/__pycache__) by extensions ['cmake', 'python']
[0.727s] Level 1:colcon.colcon_core.package_identification:_identify(Code/Dofbot/6.AI_Visual/__pycache__) by extension 'cmake'
[0.727s] Level 1:colcon.colcon_core.package_identification:_identify(Code/Dofbot/6.AI_Visual/__pycache__) by extension 'python'
[0.727s] Level 1:colcon.colcon_core.package_identification:_identify(Code/Dofbot/6.AI_Visual/__pycache__) by extensions ['python_setup_py']
[0.727s] Level 1:colcon.colcon_core.package_identification:_identify(Code/Dofbot/6.AI_Visual/__pycache__) by extension 'python_setup_py'
[0.727s] Level 1:colcon.colcon_core.package_identification:_identify(Code/Dofbot/6.AI_Visual/models) by extensions ['ignore', 'ignore_ament_install']
[0.727s] Level 1:colcon.colcon_core.package_identification:_identify(Code/Dofbot/6.AI_Visual/models) by extension 'ignore'
[0.727s] Level 1:colcon.colcon_core.package_identification:_identify(Code/Dofbot/6.AI_Visual/models) by extension 'ignore_ament_install'
[0.727s] Level 1:colcon.colcon_core.package_identification:_identify(Code/Dofbot/6.AI_Visual/models) by extensions ['colcon_pkg']
[0.727s] Level 1:colcon.colcon_core.package_identification:_identify(Code/Dofbot/6.AI_Visual/models) by extension 'colcon_pkg'
[0.727s] Level 1:colcon.colcon_core.package_identification:_identify(Code/Dofbot/6.AI_Visual/models) by extensions ['colcon_meta']
[0.727s] Level 1:colcon.colcon_core.package_identification:_identify(Code/Dofbot/6.AI_Visual/models) by extension 'colcon_meta'
[0.727s] Level 1:colcon.colcon_core.package_identification:_identify(Code/Dofbot/6.AI_Visual/models) by extensions ['ros']
[0.727s] Level 1:colcon.colcon_core.package_identification:_identify(Code/Dofbot/6.AI_Visual/models) by extension 'ros'
[0.727s] Level 1:colcon.colcon_core.package_identification:_identify(Code/Dofbot/6.AI_Visual/models) by extensions ['cmake', 'python']
[0.727s] Level 1:colcon.colcon_core.package_identification:_identify(Code/Dofbot/6.AI_Visual/models) by extension 'cmake'
[0.727s] Level 1:colcon.colcon_core.package_identification:_identify(Code/Dofbot/6.AI_Visual/models) by extension 'python'
[0.727s] Level 1:colcon.colcon_core.package_identification:_identify(Code/Dofbot/6.AI_Visual/models) by extensions ['python_setup_py']
[0.727s] Level 1:colcon.colcon_core.package_identification:_identify(Code/Dofbot/6.AI_Visual/models) by extension 'python_setup_py'
[0.727s] Level 1:colcon.colcon_core.package_identification:_identify(Code/Dofbot/6.AI_Visual/models/__pycache__) by extensions ['ignore', 'ignore_ament_install']
[0.727s] Level 1:colcon.colcon_core.package_identification:_identify(Code/Dofbot/6.AI_Visual/models/__pycache__) by extension 'ignore'
[0.727s] Level 1:colcon.colcon_core.package_identification:_identify(Code/Dofbot/6.AI_Visual/models/__pycache__) by extension 'ignore_ament_install'
[0.727s] Level 1:colcon.colcon_core.package_identification:_identify(Code/Dofbot/6.AI_Visual/models/__pycache__) by extensions ['colcon_pkg']
[0.728s] Level 1:colcon.colcon_core.package_identification:_identify(Code/Dofbot/6.AI_Visual/models/__pycache__) by extension 'colcon_pkg'
[0.728s] Level 1:colcon.colcon_core.package_identification:_identify(Code/Dofbot/6.AI_Visual/models/__pycache__) by extensions ['colcon_meta']
[0.728s] Level 1:colcon.colcon_core.package_identification:_identify(Code/Dofbot/6.AI_Visual/models/__pycache__) by extension 'colcon_meta'
[0.728s] Level 1:colcon.colcon_core.package_identification:_identify(Code/Dofbot/6.AI_Visual/models/__pycache__) by extensions ['ros']
[0.728s] Level 1:colcon.colcon_core.package_identification:_identify(Code/Dofbot/6.AI_Visual/models/__pycache__) by extension 'ros'
[0.728s] Level 1:colcon.colcon_core.package_identification:_identify(Code/Dofbot/6.AI_Visual/models/__pycache__) by extensions ['cmake', 'python']
[0.728s] Level 1:colcon.colcon_core.package_identification:_identify(Code/Dofbot/6.AI_Visual/models/__pycache__) by extension 'cmake'
[0.728s] Level 1:colcon.colcon_core.package_identification:_identify(Code/Dofbot/6.AI_Visual/models/__pycache__) by extension 'python'
[0.728s] Level 1:colcon.colcon_core.package_identification:_identify(Code/Dofbot/6.AI_Visual/models/__pycache__) by extensions ['python_setup_py']
[0.728s] Level 1:colcon.colcon_core.package_identification:_identify(Code/Dofbot/6.AI_Visual/models/__pycache__) by extension 'python_setup_py'
[0.728s] Level 1:colcon.colcon_core.package_identification:_identify(Code/Dofbot/6.AI_Visual/utils) by extensions ['ignore', 'ignore_ament_install']
[0.728s] Level 1:colcon.colcon_core.package_identification:_identify(Code/Dofbot/6.AI_Visual/utils) by extension 'ignore'
[0.728s] Level 1:colcon.colcon_core.package_identification:_identify(Code/Dofbot/6.AI_Visual/utils) by extension 'ignore_ament_install'
[0.728s] Level 1:colcon.colcon_core.package_identification:_identify(Code/Dofbot/6.AI_Visual/utils) by extensions ['colcon_pkg']
[0.728s] Level 1:colcon.colcon_core.package_identification:_identify(Code/Dofbot/6.AI_Visual/utils) by extension 'colcon_pkg'
[0.728s] Level 1:colcon.colcon_core.package_identification:_identify(Code/Dofbot/6.AI_Visual/utils) by extensions ['colcon_meta']
[0.728s] Level 1:colcon.colcon_core.package_identification:_identify(Code/Dofbot/6.AI_Visual/utils) by extension 'colcon_meta'
[0.728s] Level 1:colcon.colcon_core.package_identification:_identify(Code/Dofbot/6.AI_Visual/utils) by extensions ['ros']
[0.728s] Level 1:colcon.colcon_core.package_identification:_identify(Code/Dofbot/6.AI_Visual/utils) by extension 'ros'
[0.728s] Level 1:colcon.colcon_core.package_identification:_identify(Code/Dofbot/6.AI_Visual/utils) by extensions ['cmake', 'python']
[0.728s] Level 1:colcon.colcon_core.package_identification:_identify(Code/Dofbot/6.AI_Visual/utils) by extension 'cmake'
[0.728s] Level 1:colcon.colcon_core.package_identification:_identify(Code/Dofbot/6.AI_Visual/utils) by extension 'python'
[0.728s] Level 1:colcon.colcon_core.package_identification:_identify(Code/Dofbot/6.AI_Visual/utils) by extensions ['python_setup_py']
[0.729s] Level 1:colcon.colcon_core.package_identification:_identify(Code/Dofbot/6.AI_Visual/utils) by extension 'python_setup_py'
[0.729s] Level 1:colcon.colcon_core.package_identification:_identify(Code/Dofbot/6.AI_Visual/utils/__pycache__) by extensions ['ignore', 'ignore_ament_install']
[0.729s] Level 1:colcon.colcon_core.package_identification:_identify(Code/Dofbot/6.AI_Visual/utils/__pycache__) by extension 'ignore'
[0.729s] Level 1:colcon.colcon_core.package_identification:_identify(Code/Dofbot/6.AI_Visual/utils/__pycache__) by extension 'ignore_ament_install'
[0.729s] Level 1:colcon.colcon_core.package_identification:_identify(Code/Dofbot/6.AI_Visual/utils/__pycache__) by extensions ['colcon_pkg']
[0.729s] Level 1:colcon.colcon_core.package_identification:_identify(Code/Dofbot/6.AI_Visual/utils/__pycache__) by extension 'colcon_pkg'
[0.729s] Level 1:colcon.colcon_core.package_identification:_identify(Code/Dofbot/6.AI_Visual/utils/__pycache__) by extensions ['colcon_meta']
[0.729s] Level 1:colcon.colcon_core.package_identification:_identify(Code/Dofbot/6.AI_Visual/utils/__pycache__) by extension 'colcon_meta'
[0.729s] Level 1:colcon.colcon_core.package_identification:_identify(Code/Dofbot/6.AI_Visual/utils/__pycache__) by extensions ['ros']
[0.729s] Level 1:colcon.colcon_core.package_identification:_identify(Code/Dofbot/6.AI_Visual/utils/__pycache__) by extension 'ros'
[0.729s] Level 1:colcon.colcon_core.package_identification:_identify(Code/Dofbot/6.AI_Visual/utils/__pycache__) by extensions ['cmake', 'python']
[0.729s] Level 1:colcon.colcon_core.package_identification:_identify(Code/Dofbot/6.AI_Visual/utils/__pycache__) by extension 'cmake'
[0.729s] Level 1:colcon.colcon_core.package_identification:_identify(Code/Dofbot/6.AI_Visual/utils/__pycache__) by extension 'python'
[0.729s] Level 1:colcon.colcon_core.package_identification:_identify(Code/Dofbot/6.AI_Visual/utils/__pycache__) by extensions ['python_setup_py']
[0.729s] Level 1:colcon.colcon_core.package_identification:_identify(Code/Dofbot/6.AI_Visual/utils/__pycache__) by extension 'python_setup_py'
[0.729s] Level 1:colcon.colcon_core.package_identification:_identify(Code/Dofbot/7.Voice_control_basics) by extensions ['ignore', 'ignore_ament_install']
[0.729s] Level 1:colcon.colcon_core.package_identification:_identify(Code/Dofbot/7.Voice_control_basics) by extension 'ignore'
[0.729s] Level 1:colcon.colcon_core.package_identification:_identify(Code/Dofbot/7.Voice_control_basics) by extension 'ignore_ament_install'
[0.729s] Level 1:colcon.colcon_core.package_identification:_identify(Code/Dofbot/7.Voice_control_basics) by extensions ['colcon_pkg']
[0.729s] Level 1:colcon.colcon_core.package_identification:_identify(Code/Dofbot/7.Voice_control_basics) by extension 'colcon_pkg'
[0.729s] Level 1:colcon.colcon_core.package_identification:_identify(Code/Dofbot/7.Voice_control_basics) by extensions ['colcon_meta']
[0.730s] Level 1:colcon.colcon_core.package_identification:_identify(Code/Dofbot/7.Voice_control_basics) by extension 'colcon_meta'
[0.730s] Level 1:colcon.colcon_core.package_identification:_identify(Code/Dofbot/7.Voice_control_basics) by extensions ['ros']
[0.730s] Level 1:colcon.colcon_core.package_identification:_identify(Code/Dofbot/7.Voice_control_basics) by extension 'ros'
[0.730s] Level 1:colcon.colcon_core.package_identification:_identify(Code/Dofbot/7.Voice_control_basics) by extensions ['cmake', 'python']
[0.730s] Level 1:colcon.colcon_core.package_identification:_identify(Code/Dofbot/7.Voice_control_basics) by extension 'cmake'
[0.730s] Level 1:colcon.colcon_core.package_identification:_identify(Code/Dofbot/7.Voice_control_basics) by extension 'python'
[0.730s] Level 1:colcon.colcon_core.package_identification:_identify(Code/Dofbot/7.Voice_control_basics) by extensions ['python_setup_py']
[0.730s] Level 1:colcon.colcon_core.package_identification:_identify(Code/Dofbot/7.Voice_control_basics) by extension 'python_setup_py'
[0.730s] Level 1:colcon.colcon_core.package_identification:_identify(Code/Dofbot/8.Voice_advanced_control) by extensions ['ignore', 'ignore_ament_install']
[0.730s] Level 1:colcon.colcon_core.package_identification:_identify(Code/Dofbot/8.Voice_advanced_control) by extension 'ignore'
[0.730s] Level 1:colcon.colcon_core.package_identification:_identify(Code/Dofbot/8.Voice_advanced_control) by extension 'ignore_ament_install'
[0.730s] Level 1:colcon.colcon_core.package_identification:_identify(Code/Dofbot/8.Voice_advanced_control) by extensions ['colcon_pkg']
[0.730s] Level 1:colcon.colcon_core.package_identification:_identify(Code/Dofbot/8.Voice_advanced_control) by extension 'colcon_pkg'
[0.730s] Level 1:colcon.colcon_core.package_identification:_identify(Code/Dofbot/8.Voice_advanced_control) by extensions ['colcon_meta']
[0.730s] Level 1:colcon.colcon_core.package_identification:_identify(Code/Dofbot/8.Voice_advanced_control) by extension 'colcon_meta'
[0.730s] Level 1:colcon.colcon_core.package_identification:_identify(Code/Dofbot/8.Voice_advanced_control) by extensions ['ros']
[0.730s] Level 1:colcon.colcon_core.package_identification:_identify(Code/Dofbot/8.Voice_advanced_control) by extension 'ros'
[0.730s] Level 1:colcon.colcon_core.package_identification:_identify(Code/Dofbot/8.Voice_advanced_control) by extensions ['cmake', 'python']
[0.730s] Level 1:colcon.colcon_core.package_identification:_identify(Code/Dofbot/8.Voice_advanced_control) by extension 'cmake'
[0.730s] Level 1:colcon.colcon_core.package_identification:_identify(Code/Dofbot/8.Voice_advanced_control) by extension 'python'
[0.730s] Level 1:colcon.colcon_core.package_identification:_identify(Code/Dofbot/8.Voice_advanced_control) by extensions ['python_setup_py']
[0.730s] Level 1:colcon.colcon_core.package_identification:_identify(Code/Dofbot/8.Voice_advanced_control) by extension 'python_setup_py'
[0.730s] Level 1:colcon.colcon_core.package_identification:_identify(Code/Dofbot/9.Voice_AI_interaction) by extensions ['ignore', 'ignore_ament_install']
[0.731s] Level 1:colcon.colcon_core.package_identification:_identify(Code/Dofbot/9.Voice_AI_interaction) by extension 'ignore'
[0.731s] Level 1:colcon.colcon_core.package_identification:_identify(Code/Dofbot/9.Voice_AI_interaction) by extension 'ignore_ament_install'
[0.731s] Level 1:colcon.colcon_core.package_identification:_identify(Code/Dofbot/9.Voice_AI_interaction) by extensions ['colcon_pkg']
[0.731s] Level 1:colcon.colcon_core.package_identification:_identify(Code/Dofbot/9.Voice_AI_interaction) by extension 'colcon_pkg'
[0.731s] Level 1:colcon.colcon_core.package_identification:_identify(Code/Dofbot/9.Voice_AI_interaction) by extensions ['colcon_meta']
[0.731s] Level 1:colcon.colcon_core.package_identification:_identify(Code/Dofbot/9.Voice_AI_interaction) by extension 'colcon_meta'
[0.731s] Level 1:colcon.colcon_core.package_identification:_identify(Code/Dofbot/9.Voice_AI_interaction) by extensions ['ros']
[0.731s] Level 1:colcon.colcon_core.package_identification:_identify(Code/Dofbot/9.Voice_AI_interaction) by extension 'ros'
[0.731s] Level 1:colcon.colcon_core.package_identification:_identify(Code/Dofbot/9.Voice_AI_interaction) by extensions ['cmake', 'python']
[0.731s] Level 1:colcon.colcon_core.package_identification:_identify(Code/Dofbot/9.Voice_AI_interaction) by extension 'cmake'
[0.731s] Level 1:colcon.colcon_core.package_identification:_identify(Code/Dofbot/9.Voice_AI_interaction) by extension 'python'
[0.731s] Level 1:colcon.colcon_core.package_identification:_identify(Code/Dofbot/9.Voice_AI_interaction) by extensions ['python_setup_py']
[0.731s] Level 1:colcon.colcon_core.package_identification:_identify(Code/Dofbot/9.Voice_AI_interaction) by extension 'python_setup_py'
[0.731s] Level 1:colcon.colcon_core.package_identification:_identify(Code/catkin_ws) by extensions ['ignore', 'ignore_ament_install']
[0.731s] Level 1:colcon.colcon_core.package_identification:_identify(Code/catkin_ws) by extension 'ignore'
[0.731s] Level 1:colcon.colcon_core.package_identification:_identify(Code/catkin_ws) by extension 'ignore_ament_install'
[0.731s] Level 1:colcon.colcon_core.package_identification:_identify(Code/catkin_ws) by extensions ['colcon_pkg']
[0.731s] Level 1:colcon.colcon_core.package_identification:_identify(Code/catkin_ws) by extension 'colcon_pkg'
[0.731s] Level 1:colcon.colcon_core.package_identification:_identify(Code/catkin_ws) by extensions ['colcon_meta']
[0.731s] Level 1:colcon.colcon_core.package_identification:_identify(Code/catkin_ws) by extension 'colcon_meta'
[0.731s] Level 1:colcon.colcon_core.package_identification:_identify(Code/catkin_ws) by extensions ['ros']
[0.731s] Level 1:colcon.colcon_core.package_identification:_identify(Code/catkin_ws) by extension 'ros'
[0.731s] Level 1:colcon.colcon_core.package_identification:_identify(Code/catkin_ws) by extensions ['cmake', 'python']
[0.732s] Level 1:colcon.colcon_core.package_identification:_identify(Code/catkin_ws) by extension 'cmake'
[0.732s] Level 1:colcon.colcon_core.package_identification:_identify(Code/catkin_ws) by extension 'python'
[0.732s] Level 1:colcon.colcon_core.package_identification:_identify(Code/catkin_ws) by extensions ['python_setup_py']
[0.732s] Level 1:colcon.colcon_core.package_identification:_identify(Code/catkin_ws) by extension 'python_setup_py'
[0.732s] Level 1:colcon.colcon_core.package_identification:_identify(Code/catkin_ws/build) by extensions ['ignore', 'ignore_ament_install']
[0.732s] Level 1:colcon.colcon_core.package_identification:_identify(Code/catkin_ws/build) by extension 'ignore'
[0.732s] Level 1:colcon.colcon_core.package_identification:_identify(Code/catkin_ws/build) by extension 'ignore_ament_install'
[0.732s] Level 1:colcon.colcon_core.package_identification:_identify(Code/catkin_ws/build) by extensions ['colcon_pkg']
[0.732s] Level 1:colcon.colcon_core.package_identification:_identify(Code/catkin_ws/build) by extension 'colcon_pkg'
[0.732s] Level 1:colcon.colcon_core.package_identification:_identify(Code/catkin_ws/build) by extensions ['colcon_meta']
[0.732s] Level 1:colcon.colcon_core.package_identification:_identify(Code/catkin_ws/build) by extension 'colcon_meta'
[0.732s] Level 1:colcon.colcon_core.package_identification:_identify(Code/catkin_ws/build) by extensions ['ros']
[0.732s] Level 1:colcon.colcon_core.package_identification:_identify(Code/catkin_ws/build) by extension 'ros'
[0.732s] Level 1:colcon.colcon_core.package_identification:_identify(Code/catkin_ws/build) ignored
[0.732s] Level 1:colcon.colcon_core.package_identification:_identify(Code/catkin_ws/devel) by extensions ['ignore', 'ignore_ament_install']
[0.732s] Level 1:colcon.colcon_core.package_identification:_identify(Code/catkin_ws/devel) by extension 'ignore'
[0.732s] Level 1:colcon.colcon_core.package_identification:_identify(Code/catkin_ws/devel) by extension 'ignore_ament_install'
[0.732s] Level 1:colcon.colcon_core.package_identification:_identify(Code/catkin_ws/devel) ignored
[0.732s] Level 1:colcon.colcon_core.package_identification:_identify(Code/catkin_ws/src) by extensions ['ignore', 'ignore_ament_install']
[0.733s] Level 1:colcon.colcon_core.package_identification:_identify(Code/catkin_ws/src) by extension 'ignore'
[0.733s] Level 1:colcon.colcon_core.package_identification:_identify(Code/catkin_ws/src) by extension 'ignore_ament_install'
[0.733s] Level 1:colcon.colcon_core.package_identification:_identify(Code/catkin_ws/src) by extensions ['colcon_pkg']
[0.733s] Level 1:colcon.colcon_core.package_identification:_identify(Code/catkin_ws/src) by extension 'colcon_pkg'
[0.733s] Level 1:colcon.colcon_core.package_identification:_identify(Code/catkin_ws/src) by extensions ['colcon_meta']
[0.733s] Level 1:colcon.colcon_core.package_identification:_identify(Code/catkin_ws/src) by extension 'colcon_meta'
[0.733s] Level 1:colcon.colcon_core.package_identification:_identify(Code/catkin_ws/src) by extensions ['ros']
[0.733s] Level 1:colcon.colcon_core.package_identification:_identify(Code/catkin_ws/src) by extension 'ros'
[0.733s] Level 1:colcon.colcon_core.package_identification:_identify(Code/catkin_ws/src) by extensions ['cmake', 'python']
[0.733s] Level 1:colcon.colcon_core.package_identification:_identify(Code/catkin_ws/src) by extension 'cmake'
[0.738s] WARNING:colcon.colcon_cmake.package_identification.cmake:Ignoring 'Code/catkin_ws/src/CMakeLists.txt' since it seems to be a toplevel CMake file generated by 'catkin_make'
[0.738s] Level 1:colcon.colcon_core.package_identification:_identify(Code/catkin_ws/src) by extension 'python'
[0.738s] Level 1:colcon.colcon_core.package_identification:_identify(Code/catkin_ws/src) by extensions ['python_setup_py']
[0.738s] Level 1:colcon.colcon_core.package_identification:_identify(Code/catkin_ws/src) by extension 'python_setup_py'
[0.738s] Level 1:colcon.colcon_core.package_identification:_identify(Code/catkin_ws/src/arm_action_group) by extensions ['ignore', 'ignore_ament_install']
[0.738s] Level 1:colcon.colcon_core.package_identification:_identify(Code/catkin_ws/src/arm_action_group) by extension 'ignore'
[0.738s] Level 1:colcon.colcon_core.package_identification:_identify(Code/catkin_ws/src/arm_action_group) by extension 'ignore_ament_install'
[0.739s] Level 1:colcon.colcon_core.package_identification:_identify(Code/catkin_ws/src/arm_action_group) by extensions ['colcon_pkg']
[0.739s] Level 1:colcon.colcon_core.package_identification:_identify(Code/catkin_ws/src/arm_action_group) by extension 'colcon_pkg'
[0.739s] Level 1:colcon.colcon_core.package_identification:_identify(Code/catkin_ws/src/arm_action_group) by extensions ['colcon_meta']
[0.739s] Level 1:colcon.colcon_core.package_identification:_identify(Code/catkin_ws/src/arm_action_group) by extension 'colcon_meta'
[0.739s] Level 1:colcon.colcon_core.package_identification:_identify(Code/catkin_ws/src/arm_action_group) by extensions ['ros']
[0.739s] Level 1:colcon.colcon_core.package_identification:_identify(Code/catkin_ws/src/arm_action_group) by extension 'ros'
[0.739s] Level 1:colcon.colcon_core.package_identification:_identify(Code/catkin_ws/src/arm_action_group) by extensions ['cmake', 'python']
[0.739s] Level 1:colcon.colcon_core.package_identification:_identify(Code/catkin_ws/src/arm_action_group) by extension 'cmake'
[0.739s] Level 1:colcon.colcon_core.package_identification:_identify(Code/catkin_ws/src/arm_action_group) by extension 'python'
[0.739s] Level 1:colcon.colcon_core.package_identification:_identify(Code/catkin_ws/src/arm_action_group) by extensions ['python_setup_py']
[0.739s] Level 1:colcon.colcon_core.package_identification:_identify(Code/catkin_ws/src/arm_action_group) by extension 'python_setup_py'
[0.739s] Level 1:colcon.colcon_core.package_identification:_identify(Code/catkin_ws/src/arm_action_group/__pycache__) by extensions ['ignore', 'ignore_ament_install']
[0.739s] Level 1:colcon.colcon_core.package_identification:_identify(Code/catkin_ws/src/arm_action_group/__pycache__) by extension 'ignore'
[0.739s] Level 1:colcon.colcon_core.package_identification:_identify(Code/catkin_ws/src/arm_action_group/__pycache__) by extension 'ignore_ament_install'
[0.739s] Level 1:colcon.colcon_core.package_identification:_identify(Code/catkin_ws/src/arm_action_group/__pycache__) by extensions ['colcon_pkg']
[0.739s] Level 1:colcon.colcon_core.package_identification:_identify(Code/catkin_ws/src/arm_action_group/__pycache__) by extension 'colcon_pkg'
[0.739s] Level 1:colcon.colcon_core.package_identification:_identify(Code/catkin_ws/src/arm_action_group/__pycache__) by extensions ['colcon_meta']
[0.739s] Level 1:colcon.colcon_core.package_identification:_identify(Code/catkin_ws/src/arm_action_group/__pycache__) by extension 'colcon_meta'
[0.739s] Level 1:colcon.colcon_core.package_identification:_identify(Code/catkin_ws/src/arm_action_group/__pycache__) by extensions ['ros']
[0.739s] Level 1:colcon.colcon_core.package_identification:_identify(Code/catkin_ws/src/arm_action_group/__pycache__) by extension 'ros'
[0.739s] Level 1:colcon.colcon_core.package_identification:_identify(Code/catkin_ws/src/arm_action_group/__pycache__) by extensions ['cmake', 'python']
[0.739s] Level 1:colcon.colcon_core.package_identification:_identify(Code/catkin_ws/src/arm_action_group/__pycache__) by extension 'cmake'
[0.739s] Level 1:colcon.colcon_core.package_identification:_identify(Code/catkin_ws/src/arm_action_group/__pycache__) by extension 'python'
[0.739s] Level 1:colcon.colcon_core.package_identification:_identify(Code/catkin_ws/src/arm_action_group/__pycache__) by extensions ['python_setup_py']
[0.739s] Level 1:colcon.colcon_core.package_identification:_identify(Code/catkin_ws/src/arm_action_group/__pycache__) by extension 'python_setup_py'
[0.740s] Level 1:colcon.colcon_core.package_identification:_identify(Code/catkin_ws/src/arm_color_follow) by extensions ['ignore', 'ignore_ament_install']
[0.740s] Level 1:colcon.colcon_core.package_identification:_identify(Code/catkin_ws/src/arm_color_follow) by extension 'ignore'
[0.740s] Level 1:colcon.colcon_core.package_identification:_identify(Code/catkin_ws/src/arm_color_follow) by extension 'ignore_ament_install'
[0.740s] Level 1:colcon.colcon_core.package_identification:_identify(Code/catkin_ws/src/arm_color_follow) by extensions ['colcon_pkg']
[0.740s] Level 1:colcon.colcon_core.package_identification:_identify(Code/catkin_ws/src/arm_color_follow) by extension 'colcon_pkg'
[0.740s] Level 1:colcon.colcon_core.package_identification:_identify(Code/catkin_ws/src/arm_color_follow) by extensions ['colcon_meta']
[0.740s] Level 1:colcon.colcon_core.package_identification:_identify(Code/catkin_ws/src/arm_color_follow) by extension 'colcon_meta'
[0.740s] Level 1:colcon.colcon_core.package_identification:_identify(Code/catkin_ws/src/arm_color_follow) by extensions ['ros']
[0.740s] Level 1:colcon.colcon_core.package_identification:_identify(Code/catkin_ws/src/arm_color_follow) by extension 'ros'
[0.740s] Level 1:colcon.colcon_core.package_identification:_identify(Code/catkin_ws/src/arm_color_follow) by extensions ['cmake', 'python']
[0.740s] Level 1:colcon.colcon_core.package_identification:_identify(Code/catkin_ws/src/arm_color_follow) by extension 'cmake'
[0.740s] Level 1:colcon.colcon_core.package_identification:_identify(Code/catkin_ws/src/arm_color_follow) by extension 'python'
[0.740s] Level 1:colcon.colcon_core.package_identification:_identify(Code/catkin_ws/src/arm_color_follow) by extensions ['python_setup_py']
[0.740s] Level 1:colcon.colcon_core.package_identification:_identify(Code/catkin_ws/src/arm_color_follow) by extension 'python_setup_py'
[0.740s] Level 1:colcon.colcon_core.package_identification:_identify(Code/catkin_ws/src/arm_color_follow/__pycache__) by extensions ['ignore', 'ignore_ament_install']
[0.740s] Level 1:colcon.colcon_core.package_identification:_identify(Code/catkin_ws/src/arm_color_follow/__pycache__) by extension 'ignore'
[0.740s] Level 1:colcon.colcon_core.package_identification:_identify(Code/catkin_ws/src/arm_color_follow/__pycache__) by extension 'ignore_ament_install'
[0.741s] Level 1:colcon.colcon_core.package_identification:_identify(Code/catkin_ws/src/arm_color_follow/__pycache__) by extensions ['colcon_pkg']
[0.741s] Level 1:colcon.colcon_core.package_identification:_identify(Code/catkin_ws/src/arm_color_follow/__pycache__) by extension 'colcon_pkg'
[0.741s] Level 1:colcon.colcon_core.package_identification:_identify(Code/catkin_ws/src/arm_color_follow/__pycache__) by extensions ['colcon_meta']
[0.741s] Level 1:colcon.colcon_core.package_identification:_identify(Code/catkin_ws/src/arm_color_follow/__pycache__) by extension 'colcon_meta'
[0.741s] Level 1:colcon.colcon_core.package_identification:_identify(Code/catkin_ws/src/arm_color_follow/__pycache__) by extensions ['ros']
[0.741s] Level 1:colcon.colcon_core.package_identification:_identify(Code/catkin_ws/src/arm_color_follow/__pycache__) by extension 'ros'
[0.741s] Level 1:colcon.colcon_core.package_identification:_identify(Code/catkin_ws/src/arm_color_follow/__pycache__) by extensions ['cmake', 'python']
[0.741s] Level 1:colcon.colcon_core.package_identification:_identify(Code/catkin_ws/src/arm_color_follow/__pycache__) by extension 'cmake'
[0.741s] Level 1:colcon.colcon_core.package_identification:_identify(Code/catkin_ws/src/arm_color_follow/__pycache__) by extension 'python'
[0.741s] Level 1:colcon.colcon_core.package_identification:_identify(Code/catkin_ws/src/arm_color_follow/__pycache__) by extensions ['python_setup_py']
[0.741s] Level 1:colcon.colcon_core.package_identification:_identify(Code/catkin_ws/src/arm_color_follow/__pycache__) by extension 'python_setup_py'
[0.741s] Level 1:colcon.colcon_core.package_identification:_identify(Code/catkin_ws/src/arm_color_grab) by extensions ['ignore', 'ignore_ament_install']
[0.741s] Level 1:colcon.colcon_core.package_identification:_identify(Code/catkin_ws/src/arm_color_grab) by extension 'ignore'
[0.741s] Level 1:colcon.colcon_core.package_identification:_identify(Code/catkin_ws/src/arm_color_grab) by extension 'ignore_ament_install'
[0.741s] Level 1:colcon.colcon_core.package_identification:_identify(Code/catkin_ws/src/arm_color_grab) by extensions ['colcon_pkg']
[0.741s] Level 1:colcon.colcon_core.package_identification:_identify(Code/catkin_ws/src/arm_color_grab) by extension 'colcon_pkg'
[0.741s] Level 1:colcon.colcon_core.package_identification:_identify(Code/catkin_ws/src/arm_color_grab) by extensions ['colcon_meta']
[0.741s] Level 1:colcon.colcon_core.package_identification:_identify(Code/catkin_ws/src/arm_color_grab) by extension 'colcon_meta'
[0.741s] Level 1:colcon.colcon_core.package_identification:_identify(Code/catkin_ws/src/arm_color_grab) by extensions ['ros']
[0.741s] Level 1:colcon.colcon_core.package_identification:_identify(Code/catkin_ws/src/arm_color_grab) by extension 'ros'
[0.741s] Level 1:colcon.colcon_core.package_identification:_identify(Code/catkin_ws/src/arm_color_grab) by extensions ['cmake', 'python']
[0.741s] Level 1:colcon.colcon_core.package_identification:_identify(Code/catkin_ws/src/arm_color_grab) by extension 'cmake'
[0.741s] Level 1:colcon.colcon_core.package_identification:_identify(Code/catkin_ws/src/arm_color_grab) by extension 'python'
[0.741s] Level 1:colcon.colcon_core.package_identification:_identify(Code/catkin_ws/src/arm_color_grab) by extensions ['python_setup_py']
[0.742s] Level 1:colcon.colcon_core.package_identification:_identify(Code/catkin_ws/src/arm_color_grab) by extension 'python_setup_py'
[0.742s] Level 1:colcon.colcon_core.package_identification:_identify(Code/catkin_ws/src/arm_color_grab/__pycache__) by extensions ['ignore', 'ignore_ament_install']
[0.742s] Level 1:colcon.colcon_core.package_identification:_identify(Code/catkin_ws/src/arm_color_grab/__pycache__) by extension 'ignore'
[0.742s] Level 1:colcon.colcon_core.package_identification:_identify(Code/catkin_ws/src/arm_color_grab/__pycache__) by extension 'ignore_ament_install'
[0.742s] Level 1:colcon.colcon_core.package_identification:_identify(Code/catkin_ws/src/arm_color_grab/__pycache__) by extensions ['colcon_pkg']
[0.742s] Level 1:colcon.colcon_core.package_identification:_identify(Code/catkin_ws/src/arm_color_grab/__pycache__) by extension 'colcon_pkg'
[0.742s] Level 1:colcon.colcon_core.package_identification:_identify(Code/catkin_ws/src/arm_color_grab/__pycache__) by extensions ['colcon_meta']
[0.742s] Level 1:colcon.colcon_core.package_identification:_identify(Code/catkin_ws/src/arm_color_grab/__pycache__) by extension 'colcon_meta'
[0.742s] Level 1:colcon.colcon_core.package_identification:_identify(Code/catkin_ws/src/arm_color_grab/__pycache__) by extensions ['ros']
[0.742s] Level 1:colcon.colcon_core.package_identification:_identify(Code/catkin_ws/src/arm_color_grab/__pycache__) by extension 'ros'
[0.742s] Level 1:colcon.colcon_core.package_identification:_identify(Code/catkin_ws/src/arm_color_grab/__pycache__) by extensions ['cmake', 'python']
[0.742s] Level 1:colcon.colcon_core.package_identification:_identify(Code/catkin_ws/src/arm_color_grab/__pycache__) by extension 'cmake'
[0.742s] Level 1:colcon.colcon_core.package_identification:_identify(Code/catkin_ws/src/arm_color_grab/__pycache__) by extension 'python'
[0.742s] Level 1:colcon.colcon_core.package_identification:_identify(Code/catkin_ws/src/arm_color_grab/__pycache__) by extensions ['python_setup_py']
[0.742s] Level 1:colcon.colcon_core.package_identification:_identify(Code/catkin_ws/src/arm_color_grab/__pycache__) by extension 'python_setup_py'
[0.742s] Level 1:colcon.colcon_core.package_identification:_identify(Code/catkin_ws/src/arm_color_identify) by extensions ['ignore', 'ignore_ament_install']
[0.742s] Level 1:colcon.colcon_core.package_identification:_identify(Code/catkin_ws/src/arm_color_identify) by extension 'ignore'
[0.742s] Level 1:colcon.colcon_core.package_identification:_identify(Code/catkin_ws/src/arm_color_identify) by extension 'ignore_ament_install'
[0.742s] Level 1:colcon.colcon_core.package_identification:_identify(Code/catkin_ws/src/arm_color_identify) by extensions ['colcon_pkg']
[0.742s] Level 1:colcon.colcon_core.package_identification:_identify(Code/catkin_ws/src/arm_color_identify) by extension 'colcon_pkg'
[0.742s] Level 1:colcon.colcon_core.package_identification:_identify(Code/catkin_ws/src/arm_color_identify) by extensions ['colcon_meta']
[0.742s] Level 1:colcon.colcon_core.package_identification:_identify(Code/catkin_ws/src/arm_color_identify) by extension 'colcon_meta'
[0.743s] Level 1:colcon.colcon_core.package_identification:_identify(Code/catkin_ws/src/arm_color_identify) by extensions ['ros']
[0.743s] Level 1:colcon.colcon_core.package_identification:_identify(Code/catkin_ws/src/arm_color_identify) by extension 'ros'
[0.747s] DEBUG:colcon.colcon_core.package_identification:Package 'Code/catkin_ws/src/arm_color_identify' with type 'ros.catkin' and name 'arm_color_identify'
[0.747s] Level 1:colcon.colcon_core.package_identification:_identify(Code/catkin_ws/src/arm_color_sorting) by extensions ['ignore', 'ignore_ament_install']
[0.747s] Level 1:colcon.colcon_core.package_identification:_identify(Code/catkin_ws/src/arm_color_sorting) by extension 'ignore'
[0.747s] Level 1:colcon.colcon_core.package_identification:_identify(Code/catkin_ws/src/arm_color_sorting) by extension 'ignore_ament_install'
[0.747s] Level 1:colcon.colcon_core.package_identification:_identify(Code/catkin_ws/src/arm_color_sorting) by extensions ['colcon_pkg']
[0.747s] Level 1:colcon.colcon_core.package_identification:_identify(Code/catkin_ws/src/arm_color_sorting) by extension 'colcon_pkg'
[0.747s] Level 1:colcon.colcon_core.package_identification:_identify(Code/catkin_ws/src/arm_color_sorting) by extensions ['colcon_meta']
[0.747s] Level 1:colcon.colcon_core.package_identification:_identify(Code/catkin_ws/src/arm_color_sorting) by extension 'colcon_meta'
[0.747s] Level 1:colcon.colcon_core.package_identification:_identify(Code/catkin_ws/src/arm_color_sorting) by extensions ['ros']
[0.747s] Level 1:colcon.colcon_core.package_identification:_identify(Code/catkin_ws/src/arm_color_sorting) by extension 'ros'
[0.747s] Level 1:colcon.colcon_core.package_identification:_identify(Code/catkin_ws/src/arm_color_sorting) by extensions ['cmake', 'python']
[0.748s] Level 1:colcon.colcon_core.package_identification:_identify(Code/catkin_ws/src/arm_color_sorting) by extension 'cmake'
[0.748s] Level 1:colcon.colcon_core.package_identification:_identify(Code/catkin_ws/src/arm_color_sorting) by extension 'python'
[0.748s] Level 1:colcon.colcon_core.package_identification:_identify(Code/catkin_ws/src/arm_color_sorting) by extensions ['python_setup_py']
[0.748s] Level 1:colcon.colcon_core.package_identification:_identify(Code/catkin_ws/src/arm_color_sorting) by extension 'python_setup_py'
[0.748s] Level 1:colcon.colcon_core.package_identification:_identify(Code/catkin_ws/src/arm_color_sorting/__pycache__) by extensions ['ignore', 'ignore_ament_install']
[0.748s] Level 1:colcon.colcon_core.package_identification:_identify(Code/catkin_ws/src/arm_color_sorting/__pycache__) by extension 'ignore'
[0.748s] Level 1:colcon.colcon_core.package_identification:_identify(Code/catkin_ws/src/arm_color_sorting/__pycache__) by extension 'ignore_ament_install'
[0.748s] Level 1:colcon.colcon_core.package_identification:_identify(Code/catkin_ws/src/arm_color_sorting/__pycache__) by extensions ['colcon_pkg']
[0.748s] Level 1:colcon.colcon_core.package_identification:_identify(Code/catkin_ws/src/arm_color_sorting/__pycache__) by extension 'colcon_pkg'
[0.748s] Level 1:colcon.colcon_core.package_identification:_identify(Code/catkin_ws/src/arm_color_sorting/__pycache__) by extensions ['colcon_meta']
[0.748s] Level 1:colcon.colcon_core.package_identification:_identify(Code/catkin_ws/src/arm_color_sorting/__pycache__) by extension 'colcon_meta'
[0.748s] Level 1:colcon.colcon_core.package_identification:_identify(Code/catkin_ws/src/arm_color_sorting/__pycache__) by extensions ['ros']
[0.748s] Level 1:colcon.colcon_core.package_identification:_identify(Code/catkin_ws/src/arm_color_sorting/__pycache__) by extension 'ros'
[0.748s] Level 1:colcon.colcon_core.package_identification:_identify(Code/catkin_ws/src/arm_color_sorting/__pycache__) by extensions ['cmake', 'python']
[0.748s] Level 1:colcon.colcon_core.package_identification:_identify(Code/catkin_ws/src/arm_color_sorting/__pycache__) by extension 'cmake'
[0.748s] Level 1:colcon.colcon_core.package_identification:_identify(Code/catkin_ws/src/arm_color_sorting/__pycache__) by extension 'python'
[0.748s] Level 1:colcon.colcon_core.package_identification:_identify(Code/catkin_ws/src/arm_color_sorting/__pycache__) by extensions ['python_setup_py']
[0.748s] Level 1:colcon.colcon_core.package_identification:_identify(Code/catkin_ws/src/arm_color_sorting/__pycache__) by extension 'python_setup_py'
[0.748s] Level 1:colcon.colcon_core.package_identification:_identify(Code/catkin_ws/src/arm_color_stacking) by extensions ['ignore', 'ignore_ament_install']
[0.749s] Level 1:colcon.colcon_core.package_identification:_identify(Code/catkin_ws/src/arm_color_stacking) by extension 'ignore'
[0.749s] Level 1:colcon.colcon_core.package_identification:_identify(Code/catkin_ws/src/arm_color_stacking) by extension 'ignore_ament_install'
[0.749s] Level 1:colcon.colcon_core.package_identification:_identify(Code/catkin_ws/src/arm_color_stacking) by extensions ['colcon_pkg']
[0.749s] Level 1:colcon.colcon_core.package_identification:_identify(Code/catkin_ws/src/arm_color_stacking) by extension 'colcon_pkg'
[0.749s] Level 1:colcon.colcon_core.package_identification:_identify(Code/catkin_ws/src/arm_color_stacking) by extensions ['colcon_meta']
[0.749s] Level 1:colcon.colcon_core.package_identification:_identify(Code/catkin_ws/src/arm_color_stacking) by extension 'colcon_meta'
[0.749s] Level 1:colcon.colcon_core.package_identification:_identify(Code/catkin_ws/src/arm_color_stacking) by extensions ['ros']
[0.749s] Level 1:colcon.colcon_core.package_identification:_identify(Code/catkin_ws/src/arm_color_stacking) by extension 'ros'
[0.750s] DEBUG:colcon.colcon_core.package_identification:Package 'Code/catkin_ws/src/arm_color_stacking' with type 'ros.catkin' and name 'arm_color_stacking'
[0.750s] Level 1:colcon.colcon_core.package_identification:_identify(Code/catkin_ws/src/arm_face_follow) by extensions ['ignore', 'ignore_ament_install']
[0.750s] Level 1:colcon.colcon_core.package_identification:_identify(Code/catkin_ws/src/arm_face_follow) by extension 'ignore'
[0.750s] Level 1:colcon.colcon_core.package_identification:_identify(Code/catkin_ws/src/arm_face_follow) by extension 'ignore_ament_install'
[0.750s] Level 1:colcon.colcon_core.package_identification:_identify(Code/catkin_ws/src/arm_face_follow) by extensions ['colcon_pkg']
[0.750s] Level 1:colcon.colcon_core.package_identification:_identify(Code/catkin_ws/src/arm_face_follow) by extension 'colcon_pkg'
[0.750s] Level 1:colcon.colcon_core.package_identification:_identify(Code/catkin_ws/src/arm_face_follow) by extensions ['colcon_meta']
[0.750s] Level 1:colcon.colcon_core.package_identification:_identify(Code/catkin_ws/src/arm_face_follow) by extension 'colcon_meta'
[0.750s] Level 1:colcon.colcon_core.package_identification:_identify(Code/catkin_ws/src/arm_face_follow) by extensions ['ros']
[0.750s] Level 1:colcon.colcon_core.package_identification:_identify(Code/catkin_ws/src/arm_face_follow) by extension 'ros'
[0.750s] Level 1:colcon.colcon_core.package_identification:_identify(Code/catkin_ws/src/arm_face_follow) by extensions ['cmake', 'python']
[0.750s] Level 1:colcon.colcon_core.package_identification:_identify(Code/catkin_ws/src/arm_face_follow) by extension 'cmake'
[0.751s] Level 1:colcon.colcon_core.package_identification:_identify(Code/catkin_ws/src/arm_face_follow) by extension 'python'
[0.751s] Level 1:colcon.colcon_core.package_identification:_identify(Code/catkin_ws/src/arm_face_follow) by extensions ['python_setup_py']
[0.751s] Level 1:colcon.colcon_core.package_identification:_identify(Code/catkin_ws/src/arm_face_follow) by extension 'python_setup_py'
[0.751s] Level 1:colcon.colcon_core.package_identification:_identify(Code/catkin_ws/src/arm_face_follow/__pycache__) by extensions ['ignore', 'ignore_ament_install']
[0.751s] Level 1:colcon.colcon_core.package_identification:_identify(Code/catkin_ws/src/arm_face_follow/__pycache__) by extension 'ignore'
[0.751s] Level 1:colcon.colcon_core.package_identification:_identify(Code/catkin_ws/src/arm_face_follow/__pycache__) by extension 'ignore_ament_install'
[0.751s] Level 1:colcon.colcon_core.package_identification:_identify(Code/catkin_ws/src/arm_face_follow/__pycache__) by extensions ['colcon_pkg']
[0.751s] Level 1:colcon.colcon_core.package_identification:_identify(Code/catkin_ws/src/arm_face_follow/__pycache__) by extension 'colcon_pkg'
[0.751s] Level 1:colcon.colcon_core.package_identification:_identify(Code/catkin_ws/src/arm_face_follow/__pycache__) by extensions ['colcon_meta']
[0.751s] Level 1:colcon.colcon_core.package_identification:_identify(Code/catkin_ws/src/arm_face_follow/__pycache__) by extension 'colcon_meta'
[0.751s] Level 1:colcon.colcon_core.package_identification:_identify(Code/catkin_ws/src/arm_face_follow/__pycache__) by extensions ['ros']
[0.751s] Level 1:colcon.colcon_core.package_identification:_identify(Code/catkin_ws/src/arm_face_follow/__pycache__) by extension 'ros'
[0.751s] Level 1:colcon.colcon_core.package_identification:_identify(Code/catkin_ws/src/arm_face_follow/__pycache__) by extensions ['cmake', 'python']
[0.751s] Level 1:colcon.colcon_core.package_identification:_identify(Code/catkin_ws/src/arm_face_follow/__pycache__) by extension 'cmake'
[0.751s] Level 1:colcon.colcon_core.package_identification:_identify(Code/catkin_ws/src/arm_face_follow/__pycache__) by extension 'python'
[0.751s] Level 1:colcon.colcon_core.package_identification:_identify(Code/catkin_ws/src/arm_face_follow/__pycache__) by extensions ['python_setup_py']
[0.752s] Level 1:colcon.colcon_core.package_identification:_identify(Code/catkin_ws/src/arm_face_follow/__pycache__) by extension 'python_setup_py'
[0.752s] Level 1:colcon.colcon_core.package_identification:_identify(Code/catkin_ws/src/arm_garbage_identify) by extensions ['ignore', 'ignore_ament_install']
[0.752s] Level 1:colcon.colcon_core.package_identification:_identify(Code/catkin_ws/src/arm_garbage_identify) by extension 'ignore'
[0.752s] Level 1:colcon.colcon_core.package_identification:_identify(Code/catkin_ws/src/arm_garbage_identify) by extension 'ignore_ament_install'
[0.752s] Level 1:colcon.colcon_core.package_identification:_identify(Code/catkin_ws/src/arm_garbage_identify) by extensions ['colcon_pkg']
[0.752s] Level 1:colcon.colcon_core.package_identification:_identify(Code/catkin_ws/src/arm_garbage_identify) by extension 'colcon_pkg'
[0.752s] Level 1:colcon.colcon_core.package_identification:_identify(Code/catkin_ws/src/arm_garbage_identify) by extensions ['colcon_meta']
[0.752s] Level 1:colcon.colcon_core.package_identification:_identify(Code/catkin_ws/src/arm_garbage_identify) by extension 'colcon_meta'
[0.752s] Level 1:colcon.colcon_core.package_identification:_identify(Code/catkin_ws/src/arm_garbage_identify) by extensions ['ros']
[0.752s] Level 1:colcon.colcon_core.package_identification:_identify(Code/catkin_ws/src/arm_garbage_identify) by extension 'ros'
[0.753s] DEBUG:colcon.colcon_core.package_identification:Package 'Code/catkin_ws/src/arm_garbage_identify' with type 'ros.catkin' and name 'arm_garbage_identify'
[0.753s] Level 1:colcon.colcon_core.package_identification:_identify(Code/catkin_ws/src/arm_gesture_action) by extensions ['ignore', 'ignore_ament_install']
[0.753s] Level 1:colcon.colcon_core.package_identification:_identify(Code/catkin_ws/src/arm_gesture_action) by extension 'ignore'
[0.753s] Level 1:colcon.colcon_core.package_identification:_identify(Code/catkin_ws/src/arm_gesture_action) by extension 'ignore_ament_install'
[0.754s] Level 1:colcon.colcon_core.package_identification:_identify(Code/catkin_ws/src/arm_gesture_action) by extensions ['colcon_pkg']
[0.754s] Level 1:colcon.colcon_core.package_identification:_identify(Code/catkin_ws/src/arm_gesture_action) by extension 'colcon_pkg'
[0.754s] Level 1:colcon.colcon_core.package_identification:_identify(Code/catkin_ws/src/arm_gesture_action) by extensions ['colcon_meta']
[0.754s] Level 1:colcon.colcon_core.package_identification:_identify(Code/catkin_ws/src/arm_gesture_action) by extension 'colcon_meta'
[0.754s] Level 1:colcon.colcon_core.package_identification:_identify(Code/catkin_ws/src/arm_gesture_action) by extensions ['ros']
[0.754s] Level 1:colcon.colcon_core.package_identification:_identify(Code/catkin_ws/src/arm_gesture_action) by extension 'ros'
[0.754s] Level 1:colcon.colcon_core.package_identification:_identify(Code/catkin_ws/src/arm_gesture_action) by extensions ['cmake', 'python']
[0.754s] Level 1:colcon.colcon_core.package_identification:_identify(Code/catkin_ws/src/arm_gesture_action) by extension 'cmake'
[0.754s] Level 1:colcon.colcon_core.package_identification:_identify(Code/catkin_ws/src/arm_gesture_action) by extension 'python'
[0.754s] Level 1:colcon.colcon_core.package_identification:_identify(Code/catkin_ws/src/arm_gesture_action) by extensions ['python_setup_py']
[0.754s] Level 1:colcon.colcon_core.package_identification:_identify(Code/catkin_ws/src/arm_gesture_action) by extension 'python_setup_py'
[0.754s] Level 1:colcon.colcon_core.package_identification:_identify(Code/catkin_ws/src/arm_gesture_action/__pycache__) by extensions ['ignore', 'ignore_ament_install']
[0.754s] Level 1:colcon.colcon_core.package_identification:_identify(Code/catkin_ws/src/arm_gesture_action/__pycache__) by extension 'ignore'
[0.754s] Level 1:colcon.colcon_core.package_identification:_identify(Code/catkin_ws/src/arm_gesture_action/__pycache__) by extension 'ignore_ament_install'
[0.754s] Level 1:colcon.colcon_core.package_identification:_identify(Code/catkin_ws/src/arm_gesture_action/__pycache__) by extensions ['colcon_pkg']
[0.754s] Level 1:colcon.colcon_core.package_identification:_identify(Code/catkin_ws/src/arm_gesture_action/__pycache__) by extension 'colcon_pkg'
[0.754s] Level 1:colcon.colcon_core.package_identification:_identify(Code/catkin_ws/src/arm_gesture_action/__pycache__) by extensions ['colcon_meta']
[0.754s] Level 1:colcon.colcon_core.package_identification:_identify(Code/catkin_ws/src/arm_gesture_action/__pycache__) by extension 'colcon_meta'
[0.754s] Level 1:colcon.colcon_core.package_identification:_identify(Code/catkin_ws/src/arm_gesture_action/__pycache__) by extensions ['ros']
[0.754s] Level 1:colcon.colcon_core.package_identification:_identify(Code/catkin_ws/src/arm_gesture_action/__pycache__) by extension 'ros'
[0.754s] Level 1:colcon.colcon_core.package_identification:_identify(Code/catkin_ws/src/arm_gesture_action/__pycache__) by extensions ['cmake', 'python']
[0.754s] Level 1:colcon.colcon_core.package_identification:_identify(Code/catkin_ws/src/arm_gesture_action/__pycache__) by extension 'cmake'
[0.755s] Level 1:colcon.colcon_core.package_identification:_identify(Code/catkin_ws/src/arm_gesture_action/__pycache__) by extension 'python'
[0.755s] Level 1:colcon.colcon_core.package_identification:_identify(Code/catkin_ws/src/arm_gesture_action/__pycache__) by extensions ['python_setup_py']
[0.755s] Level 1:colcon.colcon_core.package_identification:_identify(Code/catkin_ws/src/arm_gesture_action/__pycache__) by extension 'python_setup_py'
[0.755s] Level 1:colcon.colcon_core.package_identification:_identify(Code/catkin_ws/src/arm_gesture_stacking) by extensions ['ignore', 'ignore_ament_install']
[0.755s] Level 1:colcon.colcon_core.package_identification:_identify(Code/catkin_ws/src/arm_gesture_stacking) by extension 'ignore'
[0.755s] Level 1:colcon.colcon_core.package_identification:_identify(Code/catkin_ws/src/arm_gesture_stacking) by extension 'ignore_ament_install'
[0.755s] Level 1:colcon.colcon_core.package_identification:_identify(Code/catkin_ws/src/arm_gesture_stacking) by extensions ['colcon_pkg']
[0.755s] Level 1:colcon.colcon_core.package_identification:_identify(Code/catkin_ws/src/arm_gesture_stacking) by extension 'colcon_pkg'
[0.755s] Level 1:colcon.colcon_core.package_identification:_identify(Code/catkin_ws/src/arm_gesture_stacking) by extensions ['colcon_meta']
[0.755s] Level 1:colcon.colcon_core.package_identification:_identify(Code/catkin_ws/src/arm_gesture_stacking) by extension 'colcon_meta'
[0.755s] Level 1:colcon.colcon_core.package_identification:_identify(Code/catkin_ws/src/arm_gesture_stacking) by extensions ['ros']
[0.755s] Level 1:colcon.colcon_core.package_identification:_identify(Code/catkin_ws/src/arm_gesture_stacking) by extension 'ros'
[0.755s] Level 1:colcon.colcon_core.package_identification:_identify(Code/catkin_ws/src/arm_gesture_stacking) by extensions ['cmake', 'python']
[0.755s] Level 1:colcon.colcon_core.package_identification:_identify(Code/catkin_ws/src/arm_gesture_stacking) by extension 'cmake'
[0.755s] Level 1:colcon.colcon_core.package_identification:_identify(Code/catkin_ws/src/arm_gesture_stacking) by extension 'python'
[0.755s] Level 1:colcon.colcon_core.package_identification:_identify(Code/catkin_ws/src/arm_gesture_stacking) by extensions ['python_setup_py']
[0.755s] Level 1:colcon.colcon_core.package_identification:_identify(Code/catkin_ws/src/arm_gesture_stacking) by extension 'python_setup_py'
[0.755s] Level 1:colcon.colcon_core.package_identification:_identify(Code/catkin_ws/src/arm_gesture_stacking/__pycache__) by extensions ['ignore', 'ignore_ament_install']
[0.755s] Level 1:colcon.colcon_core.package_identification:_identify(Code/catkin_ws/src/arm_gesture_stacking/__pycache__) by extension 'ignore'
[0.755s] Level 1:colcon.colcon_core.package_identification:_identify(Code/catkin_ws/src/arm_gesture_stacking/__pycache__) by extension 'ignore_ament_install'
[0.755s] Level 1:colcon.colcon_core.package_identification:_identify(Code/catkin_ws/src/arm_gesture_stacking/__pycache__) by extensions ['colcon_pkg']
[0.756s] Level 1:colcon.colcon_core.package_identification:_identify(Code/catkin_ws/src/arm_gesture_stacking/__pycache__) by extension 'colcon_pkg'
[0.756s] Level 1:colcon.colcon_core.package_identification:_identify(Code/catkin_ws/src/arm_gesture_stacking/__pycache__) by extensions ['colcon_meta']
[0.756s] Level 1:colcon.colcon_core.package_identification:_identify(Code/catkin_ws/src/arm_gesture_stacking/__pycache__) by extension 'colcon_meta'
[0.756s] Level 1:colcon.colcon_core.package_identification:_identify(Code/catkin_ws/src/arm_gesture_stacking/__pycache__) by extensions ['ros']
[0.756s] Level 1:colcon.colcon_core.package_identification:_identify(Code/catkin_ws/src/arm_gesture_stacking/__pycache__) by extension 'ros'
[0.756s] Level 1:colcon.colcon_core.package_identification:_identify(Code/catkin_ws/src/arm_gesture_stacking/__pycache__) by extensions ['cmake', 'python']
[0.756s] Level 1:colcon.colcon_core.package_identification:_identify(Code/catkin_ws/src/arm_gesture_stacking/__pycache__) by extension 'cmake'
[0.756s] Level 1:colcon.colcon_core.package_identification:_identify(Code/catkin_ws/src/arm_gesture_stacking/__pycache__) by extension 'python'
[0.756s] Level 1:colcon.colcon_core.package_identification:_identify(Code/catkin_ws/src/arm_gesture_stacking/__pycache__) by extensions ['python_setup_py']
[0.756s] Level 1:colcon.colcon_core.package_identification:_identify(Code/catkin_ws/src/arm_gesture_stacking/__pycache__) by extension 'python_setup_py'
[0.756s] Level 1:colcon.colcon_core.package_identification:_identify(Code/catkin_ws/src/arm_info) by extensions ['ignore', 'ignore_ament_install']
[0.756s] Level 1:colcon.colcon_core.package_identification:_identify(Code/catkin_ws/src/arm_info) by extension 'ignore'
[0.756s] Level 1:colcon.colcon_core.package_identification:_identify(Code/catkin_ws/src/arm_info) by extension 'ignore_ament_install'
[0.756s] Level 1:colcon.colcon_core.package_identification:_identify(Code/catkin_ws/src/arm_info) by extensions ['colcon_pkg']
[0.756s] Level 1:colcon.colcon_core.package_identification:_identify(Code/catkin_ws/src/arm_info) by extension 'colcon_pkg'
[0.756s] Level 1:colcon.colcon_core.package_identification:_identify(Code/catkin_ws/src/arm_info) by extensions ['colcon_meta']
[0.756s] Level 1:colcon.colcon_core.package_identification:_identify(Code/catkin_ws/src/arm_info) by extension 'colcon_meta'
[0.756s] Level 1:colcon.colcon_core.package_identification:_identify(Code/catkin_ws/src/arm_info) by extensions ['ros']
[0.756s] Level 1:colcon.colcon_core.package_identification:_identify(Code/catkin_ws/src/arm_info) by extension 'ros'
[0.757s] DEBUG:colcon.colcon_core.package_identification:Package 'Code/catkin_ws/src/arm_info' with type 'ros.catkin' and name 'arm_info'
[0.758s] Level 1:colcon.colcon_core.package_identification:_identify(Code/catkin_ws/src/arm_snake_follow) by extensions ['ignore', 'ignore_ament_install']
[0.758s] Level 1:colcon.colcon_core.package_identification:_identify(Code/catkin_ws/src/arm_snake_follow) by extension 'ignore'
[0.758s] Level 1:colcon.colcon_core.package_identification:_identify(Code/catkin_ws/src/arm_snake_follow) by extension 'ignore_ament_install'
[0.758s] Level 1:colcon.colcon_core.package_identification:_identify(Code/catkin_ws/src/arm_snake_follow) by extensions ['colcon_pkg']
[0.758s] Level 1:colcon.colcon_core.package_identification:_identify(Code/catkin_ws/src/arm_snake_follow) by extension 'colcon_pkg'
[0.758s] Level 1:colcon.colcon_core.package_identification:_identify(Code/catkin_ws/src/arm_snake_follow) by extensions ['colcon_meta']
[0.758s] Level 1:colcon.colcon_core.package_identification:_identify(Code/catkin_ws/src/arm_snake_follow) by extension 'colcon_meta'
[0.758s] Level 1:colcon.colcon_core.package_identification:_identify(Code/catkin_ws/src/arm_snake_follow) by extensions ['ros']
[0.758s] Level 1:colcon.colcon_core.package_identification:_identify(Code/catkin_ws/src/arm_snake_follow) by extension 'ros'
[0.759s] DEBUG:colcon.colcon_core.package_identification:Package 'Code/catkin_ws/src/arm_snake_follow' with type 'ros.catkin' and name 'arm_snake_follow'
[0.759s] Level 1:colcon.colcon_core.package_identification:_identify(Code/dofbot_ws) by extensions ['ignore', 'ignore_ament_install']
[0.759s] Level 1:colcon.colcon_core.package_identification:_identify(Code/dofbot_ws) by extension 'ignore'
[0.760s] Level 1:colcon.colcon_core.package_identification:_identify(Code/dofbot_ws) by extension 'ignore_ament_install'
[0.760s] Level 1:colcon.colcon_core.package_identification:_identify(Code/dofbot_ws) by extensions ['colcon_pkg']
[0.760s] Level 1:colcon.colcon_core.package_identification:_identify(Code/dofbot_ws) by extension 'colcon_pkg'
[0.760s] Level 1:colcon.colcon_core.package_identification:_identify(Code/dofbot_ws) by extensions ['colcon_meta']
[0.760s] Level 1:colcon.colcon_core.package_identification:_identify(Code/dofbot_ws) by extension 'colcon_meta'
[0.760s] Level 1:colcon.colcon_core.package_identification:_identify(Code/dofbot_ws) by extensions ['ros']
[0.760s] Level 1:colcon.colcon_core.package_identification:_identify(Code/dofbot_ws) by extension 'ros'
[0.760s] Level 1:colcon.colcon_core.package_identification:_identify(Code/dofbot_ws) by extensions ['cmake', 'python']
[0.760s] Level 1:colcon.colcon_core.package_identification:_identify(Code/dofbot_ws) by extension 'cmake'
[0.760s] Level 1:colcon.colcon_core.package_identification:_identify(Code/dofbot_ws) by extension 'python'
[0.760s] Level 1:colcon.colcon_core.package_identification:_identify(Code/dofbot_ws) by extensions ['python_setup_py']
[0.760s] Level 1:colcon.colcon_core.package_identification:_identify(Code/dofbot_ws) by extension 'python_setup_py'
[0.760s] Level 1:colcon.colcon_core.package_identification:_identify(Code/dofbot_ws/build) by extensions ['ignore', 'ignore_ament_install']
[0.760s] Level 1:colcon.colcon_core.package_identification:_identify(Code/dofbot_ws/build) by extension 'ignore'
[0.760s] Level 1:colcon.colcon_core.package_identification:_identify(Code/dofbot_ws/build) by extension 'ignore_ament_install'
[0.760s] Level 1:colcon.colcon_core.package_identification:_identify(Code/dofbot_ws/build) by extensions ['colcon_pkg']
[0.760s] Level 1:colcon.colcon_core.package_identification:_identify(Code/dofbot_ws/build) by extension 'colcon_pkg'
[0.760s] Level 1:colcon.colcon_core.package_identification:_identify(Code/dofbot_ws/build) by extensions ['colcon_meta']
[0.760s] Level 1:colcon.colcon_core.package_identification:_identify(Code/dofbot_ws/build) by extension 'colcon_meta'
[0.761s] Level 1:colcon.colcon_core.package_identification:_identify(Code/dofbot_ws/build) by extensions ['ros']
[0.761s] Level 1:colcon.colcon_core.package_identification:_identify(Code/dofbot_ws/build) by extension 'ros'
[0.761s] Level 1:colcon.colcon_core.package_identification:_identify(Code/dofbot_ws/build) ignored
[0.761s] Level 1:colcon.colcon_core.package_identification:_identify(Code/dofbot_ws/devel) by extensions ['ignore', 'ignore_ament_install']
[0.761s] Level 1:colcon.colcon_core.package_identification:_identify(Code/dofbot_ws/devel) by extension 'ignore'
[0.761s] Level 1:colcon.colcon_core.package_identification:_identify(Code/dofbot_ws/devel) by extension 'ignore_ament_install'
[0.761s] Level 1:colcon.colcon_core.package_identification:_identify(Code/dofbot_ws/devel) ignored
[0.761s] Level 1:colcon.colcon_core.package_identification:_identify(Code/dofbot_ws/src) by extensions ['ignore', 'ignore_ament_install']
[0.761s] Level 1:colcon.colcon_core.package_identification:_identify(Code/dofbot_ws/src) by extension 'ignore'
[0.761s] Level 1:colcon.colcon_core.package_identification:_identify(Code/dofbot_ws/src) by extension 'ignore_ament_install'
[0.761s] Level 1:colcon.colcon_core.package_identification:_identify(Code/dofbot_ws/src) by extensions ['colcon_pkg']
[0.761s] Level 1:colcon.colcon_core.package_identification:_identify(Code/dofbot_ws/src) by extension 'colcon_pkg'
[0.761s] Level 1:colcon.colcon_core.package_identification:_identify(Code/dofbot_ws/src) by extensions ['colcon_meta']
[0.761s] Level 1:colcon.colcon_core.package_identification:_identify(Code/dofbot_ws/src) by extension 'colcon_meta'
[0.762s] Level 1:colcon.colcon_core.package_identification:_identify(Code/dofbot_ws/src) by extensions ['ros']
[0.762s] Level 1:colcon.colcon_core.package_identification:_identify(Code/dofbot_ws/src) by extension 'ros'
[0.762s] Level 1:colcon.colcon_core.package_identification:_identify(Code/dofbot_ws/src) by extensions ['cmake', 'python']
[0.762s] Level 1:colcon.colcon_core.package_identification:_identify(Code/dofbot_ws/src) by extension 'cmake'
[0.771s] WARNING:colcon.colcon_cmake.package_identification.cmake:Ignoring 'Code/dofbot_ws/src/CMakeLists.txt' since it seems to be a toplevel CMake file generated by 'catkin_make'
[0.771s] Level 1:colcon.colcon_core.package_identification:_identify(Code/dofbot_ws/src) by extension 'python'
[0.771s] Level 1:colcon.colcon_core.package_identification:_identify(Code/dofbot_ws/src) by extensions ['python_setup_py']
[0.771s] Level 1:colcon.colcon_core.package_identification:_identify(Code/dofbot_ws/src) by extension 'python_setup_py'
[0.771s] Level 1:colcon.colcon_core.package_identification:_identify(Code/dofbot_ws/src/arm_mediapipe) by extensions ['ignore', 'ignore_ament_install']
[0.771s] Level 1:colcon.colcon_core.package_identification:_identify(Code/dofbot_ws/src/arm_mediapipe) by extension 'ignore'
[0.772s] Level 1:colcon.colcon_core.package_identification:_identify(Code/dofbot_ws/src/arm_mediapipe) by extension 'ignore_ament_install'
[0.772s] Level 1:colcon.colcon_core.package_identification:_identify(Code/dofbot_ws/src/arm_mediapipe) by extensions ['colcon_pkg']
[0.772s] Level 1:colcon.colcon_core.package_identification:_identify(Code/dofbot_ws/src/arm_mediapipe) by extension 'colcon_pkg'
[0.772s] Level 1:colcon.colcon_core.package_identification:_identify(Code/dofbot_ws/src/arm_mediapipe) by extensions ['colcon_meta']
[0.772s] Level 1:colcon.colcon_core.package_identification:_identify(Code/dofbot_ws/src/arm_mediapipe) by extension 'colcon_meta'
[0.772s] Level 1:colcon.colcon_core.package_identification:_identify(Code/dofbot_ws/src/arm_mediapipe) by extensions ['ros']
[0.772s] Level 1:colcon.colcon_core.package_identification:_identify(Code/dofbot_ws/src/arm_mediapipe) by extension 'ros'
[0.773s] DEBUG:colcon.colcon_core.package_identification:Package 'Code/dofbot_ws/src/arm_mediapipe' with type 'ros.catkin' and name 'arm_mediapipe'
[0.773s] Level 1:colcon.colcon_core.package_identification:_identify(Code/dofbot_ws/src/dofbot_color_follow) by extensions ['ignore', 'ignore_ament_install']
[0.773s] Level 1:colcon.colcon_core.package_identification:_identify(Code/dofbot_ws/src/dofbot_color_follow) by extension 'ignore'
[0.773s] Level 1:colcon.colcon_core.package_identification:_identify(Code/dofbot_ws/src/dofbot_color_follow) by extension 'ignore_ament_install'
[0.773s] Level 1:colcon.colcon_core.package_identification:_identify(Code/dofbot_ws/src/dofbot_color_follow) by extensions ['colcon_pkg']
[0.773s] Level 1:colcon.colcon_core.package_identification:_identify(Code/dofbot_ws/src/dofbot_color_follow) by extension 'colcon_pkg'
[0.773s] Level 1:colcon.colcon_core.package_identification:_identify(Code/dofbot_ws/src/dofbot_color_follow) by extensions ['colcon_meta']
[0.773s] Level 1:colcon.colcon_core.package_identification:_identify(Code/dofbot_ws/src/dofbot_color_follow) by extension 'colcon_meta'
[0.773s] Level 1:colcon.colcon_core.package_identification:_identify(Code/dofbot_ws/src/dofbot_color_follow) by extensions ['ros']
[0.773s] Level 1:colcon.colcon_core.package_identification:_identify(Code/dofbot_ws/src/dofbot_color_follow) by extension 'ros'
[0.773s] Level 1:colcon.colcon_core.package_identification:_identify(Code/dofbot_ws/src/dofbot_color_follow) by extensions ['cmake', 'python']
[0.773s] Level 1:colcon.colcon_core.package_identification:_identify(Code/dofbot_ws/src/dofbot_color_follow) by extension 'cmake'
[0.773s] Level 1:colcon.colcon_core.package_identification:_identify(Code/dofbot_ws/src/dofbot_color_follow) by extension 'python'
[0.774s] Level 1:colcon.colcon_core.package_identification:_identify(Code/dofbot_ws/src/dofbot_color_follow) by extensions ['python_setup_py']
[0.774s] Level 1:colcon.colcon_core.package_identification:_identify(Code/dofbot_ws/src/dofbot_color_follow) by extension 'python_setup_py'
[0.774s] Level 1:colcon.colcon_core.package_identification:_identify(Code/dofbot_ws/src/dofbot_color_follow/__pycache__) by extensions ['ignore', 'ignore_ament_install']
[0.774s] Level 1:colcon.colcon_core.package_identification:_identify(Code/dofbot_ws/src/dofbot_color_follow/__pycache__) by extension 'ignore'
[0.774s] Level 1:colcon.colcon_core.package_identification:_identify(Code/dofbot_ws/src/dofbot_color_follow/__pycache__) by extension 'ignore_ament_install'
[0.774s] Level 1:colcon.colcon_core.package_identification:_identify(Code/dofbot_ws/src/dofbot_color_follow/__pycache__) by extensions ['colcon_pkg']
[0.774s] Level 1:colcon.colcon_core.package_identification:_identify(Code/dofbot_ws/src/dofbot_color_follow/__pycache__) by extension 'colcon_pkg'
[0.774s] Level 1:colcon.colcon_core.package_identification:_identify(Code/dofbot_ws/src/dofbot_color_follow/__pycache__) by extensions ['colcon_meta']
[0.774s] Level 1:colcon.colcon_core.package_identification:_identify(Code/dofbot_ws/src/dofbot_color_follow/__pycache__) by extension 'colcon_meta'
[0.774s] Level 1:colcon.colcon_core.package_identification:_identify(Code/dofbot_ws/src/dofbot_color_follow/__pycache__) by extensions ['ros']
[0.774s] Level 1:colcon.colcon_core.package_identification:_identify(Code/dofbot_ws/src/dofbot_color_follow/__pycache__) by extension 'ros'
[0.774s] Level 1:colcon.colcon_core.package_identification:_identify(Code/dofbot_ws/src/dofbot_color_follow/__pycache__) by extensions ['cmake', 'python']
[0.774s] Level 1:colcon.colcon_core.package_identification:_identify(Code/dofbot_ws/src/dofbot_color_follow/__pycache__) by extension 'cmake'
[0.774s] Level 1:colcon.colcon_core.package_identification:_identify(Code/dofbot_ws/src/dofbot_color_follow/__pycache__) by extension 'python'
[0.774s] Level 1:colcon.colcon_core.package_identification:_identify(Code/dofbot_ws/src/dofbot_color_follow/__pycache__) by extensions ['python_setup_py']
[0.774s] Level 1:colcon.colcon_core.package_identification:_identify(Code/dofbot_ws/src/dofbot_color_follow/__pycache__) by extension 'python_setup_py'
[0.774s] Level 1:colcon.colcon_core.package_identification:_identify(Code/dofbot_ws/src/dofbot_color_identify) by extensions ['ignore', 'ignore_ament_install']
[0.774s] Level 1:colcon.colcon_core.package_identification:_identify(Code/dofbot_ws/src/dofbot_color_identify) by extension 'ignore'
[0.774s] Level 1:colcon.colcon_core.package_identification:_identify(Code/dofbot_ws/src/dofbot_color_identify) by extension 'ignore_ament_install'
[0.774s] Level 1:colcon.colcon_core.package_identification:_identify(Code/dofbot_ws/src/dofbot_color_identify) by extensions ['colcon_pkg']
[0.774s] Level 1:colcon.colcon_core.package_identification:_identify(Code/dofbot_ws/src/dofbot_color_identify) by extension 'colcon_pkg'
[0.774s] Level 1:colcon.colcon_core.package_identification:_identify(Code/dofbot_ws/src/dofbot_color_identify) by extensions ['colcon_meta']
[0.775s] Level 1:colcon.colcon_core.package_identification:_identify(Code/dofbot_ws/src/dofbot_color_identify) by extension 'colcon_meta'
[0.775s] Level 1:colcon.colcon_core.package_identification:_identify(Code/dofbot_ws/src/dofbot_color_identify) by extensions ['ros']
[0.775s] Level 1:colcon.colcon_core.package_identification:_identify(Code/dofbot_ws/src/dofbot_color_identify) by extension 'ros'
[0.776s] DEBUG:colcon.colcon_core.package_identification:Package 'Code/dofbot_ws/src/dofbot_color_identify' with type 'ros.catkin' and name 'dofbot_color_identify'
[0.776s] Level 1:colcon.colcon_core.package_identification:_identify(Code/dofbot_ws/src/dofbot_color_sorting) by extensions ['ignore', 'ignore_ament_install']
[0.776s] Level 1:colcon.colcon_core.package_identification:_identify(Code/dofbot_ws/src/dofbot_color_sorting) by extension 'ignore'
[0.776s] Level 1:colcon.colcon_core.package_identification:_identify(Code/dofbot_ws/src/dofbot_color_sorting) by extension 'ignore_ament_install'
[0.776s] Level 1:colcon.colcon_core.package_identification:_identify(Code/dofbot_ws/src/dofbot_color_sorting) by extensions ['colcon_pkg']
[0.776s] Level 1:colcon.colcon_core.package_identification:_identify(Code/dofbot_ws/src/dofbot_color_sorting) by extension 'colcon_pkg'
[0.776s] Level 1:colcon.colcon_core.package_identification:_identify(Code/dofbot_ws/src/dofbot_color_sorting) by extensions ['colcon_meta']
[0.776s] Level 1:colcon.colcon_core.package_identification:_identify(Code/dofbot_ws/src/dofbot_color_sorting) by extension 'colcon_meta'
[0.776s] Level 1:colcon.colcon_core.package_identification:_identify(Code/dofbot_ws/src/dofbot_color_sorting) by extensions ['ros']
[0.776s] Level 1:colcon.colcon_core.package_identification:_identify(Code/dofbot_ws/src/dofbot_color_sorting) by extension 'ros'
[0.776s] Level 1:colcon.colcon_core.package_identification:_identify(Code/dofbot_ws/src/dofbot_color_sorting) by extensions ['cmake', 'python']
[0.776s] Level 1:colcon.colcon_core.package_identification:_identify(Code/dofbot_ws/src/dofbot_color_sorting) by extension 'cmake'
[0.776s] Level 1:colcon.colcon_core.package_identification:_identify(Code/dofbot_ws/src/dofbot_color_sorting) by extension 'python'
[0.776s] Level 1:colcon.colcon_core.package_identification:_identify(Code/dofbot_ws/src/dofbot_color_sorting) by extensions ['python_setup_py']
[0.776s] Level 1:colcon.colcon_core.package_identification:_identify(Code/dofbot_ws/src/dofbot_color_sorting) by extension 'python_setup_py'
[0.777s] Level 1:colcon.colcon_core.package_identification:_identify(Code/dofbot_ws/src/dofbot_color_sorting/__pycache__) by extensions ['ignore', 'ignore_ament_install']
[0.777s] Level 1:colcon.colcon_core.package_identification:_identify(Code/dofbot_ws/src/dofbot_color_sorting/__pycache__) by extension 'ignore'
[0.777s] Level 1:colcon.colcon_core.package_identification:_identify(Code/dofbot_ws/src/dofbot_color_sorting/__pycache__) by extension 'ignore_ament_install'
[0.777s] Level 1:colcon.colcon_core.package_identification:_identify(Code/dofbot_ws/src/dofbot_color_sorting/__pycache__) by extensions ['colcon_pkg']
[0.777s] Level 1:colcon.colcon_core.package_identification:_identify(Code/dofbot_ws/src/dofbot_color_sorting/__pycache__) by extension 'colcon_pkg'
[0.777s] Level 1:colcon.colcon_core.package_identification:_identify(Code/dofbot_ws/src/dofbot_color_sorting/__pycache__) by extensions ['colcon_meta']
[0.777s] Level 1:colcon.colcon_core.package_identification:_identify(Code/dofbot_ws/src/dofbot_color_sorting/__pycache__) by extension 'colcon_meta'
[0.777s] Level 1:colcon.colcon_core.package_identification:_identify(Code/dofbot_ws/src/dofbot_color_sorting/__pycache__) by extensions ['ros']
[0.777s] Level 1:colcon.colcon_core.package_identification:_identify(Code/dofbot_ws/src/dofbot_color_sorting/__pycache__) by extension 'ros'
[0.777s] Level 1:colcon.colcon_core.package_identification:_identify(Code/dofbot_ws/src/dofbot_color_sorting/__pycache__) by extensions ['cmake', 'python']
[0.777s] Level 1:colcon.colcon_core.package_identification:_identify(Code/dofbot_ws/src/dofbot_color_sorting/__pycache__) by extension 'cmake'
[0.777s] Level 1:colcon.colcon_core.package_identification:_identify(Code/dofbot_ws/src/dofbot_color_sorting/__pycache__) by extension 'python'
[0.777s] Level 1:colcon.colcon_core.package_identification:_identify(Code/dofbot_ws/src/dofbot_color_sorting/__pycache__) by extensions ['python_setup_py']
[0.777s] Level 1:colcon.colcon_core.package_identification:_identify(Code/dofbot_ws/src/dofbot_color_sorting/__pycache__) by extension 'python_setup_py'
[0.777s] Level 1:colcon.colcon_core.package_identification:_identify(Code/dofbot_ws/src/dofbot_color_stacking) by extensions ['ignore', 'ignore_ament_install']
[0.777s] Level 1:colcon.colcon_core.package_identification:_identify(Code/dofbot_ws/src/dofbot_color_stacking) by extension 'ignore'
[0.777s] Level 1:colcon.colcon_core.package_identification:_identify(Code/dofbot_ws/src/dofbot_color_stacking) by extension 'ignore_ament_install'
[0.777s] Level 1:colcon.colcon_core.package_identification:_identify(Code/dofbot_ws/src/dofbot_color_stacking) by extensions ['colcon_pkg']
[0.777s] Level 1:colcon.colcon_core.package_identification:_identify(Code/dofbot_ws/src/dofbot_color_stacking) by extension 'colcon_pkg'
[0.778s] Level 1:colcon.colcon_core.package_identification:_identify(Code/dofbot_ws/src/dofbot_color_stacking) by extensions ['colcon_meta']
[0.778s] Level 1:colcon.colcon_core.package_identification:_identify(Code/dofbot_ws/src/dofbot_color_stacking) by extension 'colcon_meta'
[0.778s] Level 1:colcon.colcon_core.package_identification:_identify(Code/dofbot_ws/src/dofbot_color_stacking) by extensions ['ros']
[0.778s] Level 1:colcon.colcon_core.package_identification:_identify(Code/dofbot_ws/src/dofbot_color_stacking) by extension 'ros'
[0.779s] DEBUG:colcon.colcon_core.package_identification:Package 'Code/dofbot_ws/src/dofbot_color_stacking' with type 'ros.catkin' and name 'dofbot_color_stacking'
[0.779s] Level 1:colcon.colcon_core.package_identification:_identify(Code/dofbot_ws/src/dofbot_config) by extensions ['ignore', 'ignore_ament_install']
[0.779s] Level 1:colcon.colcon_core.package_identification:_identify(Code/dofbot_ws/src/dofbot_config) by extension 'ignore'
[0.779s] Level 1:colcon.colcon_core.package_identification:_identify(Code/dofbot_ws/src/dofbot_config) by extension 'ignore_ament_install'
[0.779s] Level 1:colcon.colcon_core.package_identification:_identify(Code/dofbot_ws/src/dofbot_config) by extensions ['colcon_pkg']
[0.779s] Level 1:colcon.colcon_core.package_identification:_identify(Code/dofbot_ws/src/dofbot_config) by extension 'colcon_pkg'
[0.779s] Level 1:colcon.colcon_core.package_identification:_identify(Code/dofbot_ws/src/dofbot_config) by extensions ['colcon_meta']
[0.779s] Level 1:colcon.colcon_core.package_identification:_identify(Code/dofbot_ws/src/dofbot_config) by extension 'colcon_meta'
[0.779s] Level 1:colcon.colcon_core.package_identification:_identify(Code/dofbot_ws/src/dofbot_config) by extensions ['ros']
[0.779s] Level 1:colcon.colcon_core.package_identification:_identify(Code/dofbot_ws/src/dofbot_config) by extension 'ros'
[0.781s] DEBUG:colcon.colcon_core.package_identification:Package 'Code/dofbot_ws/src/dofbot_config' with type 'ros.catkin' and name 'dofbot_config'
[0.781s] Level 1:colcon.colcon_core.package_identification:_identify(Code/dofbot_ws/src/dofbot_face_follow) by extensions ['ignore', 'ignore_ament_install']
[0.781s] Level 1:colcon.colcon_core.package_identification:_identify(Code/dofbot_ws/src/dofbot_face_follow) by extension 'ignore'
[0.781s] Level 1:colcon.colcon_core.package_identification:_identify(Code/dofbot_ws/src/dofbot_face_follow) by extension 'ignore_ament_install'
[0.781s] Level 1:colcon.colcon_core.package_identification:_identify(Code/dofbot_ws/src/dofbot_face_follow) by extensions ['colcon_pkg']
[0.781s] Level 1:colcon.colcon_core.package_identification:_identify(Code/dofbot_ws/src/dofbot_face_follow) by extension 'colcon_pkg'
[0.782s] Level 1:colcon.colcon_core.package_identification:_identify(Code/dofbot_ws/src/dofbot_face_follow) by extensions ['colcon_meta']
[0.782s] Level 1:colcon.colcon_core.package_identification:_identify(Code/dofbot_ws/src/dofbot_face_follow) by extension 'colcon_meta'
[0.782s] Level 1:colcon.colcon_core.package_identification:_identify(Code/dofbot_ws/src/dofbot_face_follow) by extensions ['ros']
[0.782s] Level 1:colcon.colcon_core.package_identification:_identify(Code/dofbot_ws/src/dofbot_face_follow) by extension 'ros'
[0.782s] Level 1:colcon.colcon_core.package_identification:_identify(Code/dofbot_ws/src/dofbot_face_follow) by extensions ['cmake', 'python']
[0.782s] Level 1:colcon.colcon_core.package_identification:_identify(Code/dofbot_ws/src/dofbot_face_follow) by extension 'cmake'
[0.782s] Level 1:colcon.colcon_core.package_identification:_identify(Code/dofbot_ws/src/dofbot_face_follow) by extension 'python'
[0.782s] Level 1:colcon.colcon_core.package_identification:_identify(Code/dofbot_ws/src/dofbot_face_follow) by extensions ['python_setup_py']
[0.782s] Level 1:colcon.colcon_core.package_identification:_identify(Code/dofbot_ws/src/dofbot_face_follow) by extension 'python_setup_py'
[0.782s] Level 1:colcon.colcon_core.package_identification:_identify(Code/dofbot_ws/src/dofbot_face_follow/__pycache__) by extensions ['ignore', 'ignore_ament_install']
[0.782s] Level 1:colcon.colcon_core.package_identification:_identify(Code/dofbot_ws/src/dofbot_face_follow/__pycache__) by extension 'ignore'
[0.782s] Level 1:colcon.colcon_core.package_identification:_identify(Code/dofbot_ws/src/dofbot_face_follow/__pycache__) by extension 'ignore_ament_install'
[0.782s] Level 1:colcon.colcon_core.package_identification:_identify(Code/dofbot_ws/src/dofbot_face_follow/__pycache__) by extensions ['colcon_pkg']
[0.782s] Level 1:colcon.colcon_core.package_identification:_identify(Code/dofbot_ws/src/dofbot_face_follow/__pycache__) by extension 'colcon_pkg'
[0.783s] Level 1:colcon.colcon_core.package_identification:_identify(Code/dofbot_ws/src/dofbot_face_follow/__pycache__) by extensions ['colcon_meta']
[0.783s] Level 1:colcon.colcon_core.package_identification:_identify(Code/dofbot_ws/src/dofbot_face_follow/__pycache__) by extension 'colcon_meta'
[0.783s] Level 1:colcon.colcon_core.package_identification:_identify(Code/dofbot_ws/src/dofbot_face_follow/__pycache__) by extensions ['ros']
[0.783s] Level 1:colcon.colcon_core.package_identification:_identify(Code/dofbot_ws/src/dofbot_face_follow/__pycache__) by extension 'ros'
[0.783s] Level 1:colcon.colcon_core.package_identification:_identify(Code/dofbot_ws/src/dofbot_face_follow/__pycache__) by extensions ['cmake', 'python']
[0.783s] Level 1:colcon.colcon_core.package_identification:_identify(Code/dofbot_ws/src/dofbot_face_follow/__pycache__) by extension 'cmake'
[0.783s] Level 1:colcon.colcon_core.package_identification:_identify(Code/dofbot_ws/src/dofbot_face_follow/__pycache__) by extension 'python'
[0.783s] Level 1:colcon.colcon_core.package_identification:_identify(Code/dofbot_ws/src/dofbot_face_follow/__pycache__) by extensions ['python_setup_py']
[0.783s] Level 1:colcon.colcon_core.package_identification:_identify(Code/dofbot_ws/src/dofbot_face_follow/__pycache__) by extension 'python_setup_py'
[0.783s] Level 1:colcon.colcon_core.package_identification:_identify(Code/dofbot_ws/src/dofbot_garbage_yolov5) by extensions ['ignore', 'ignore_ament_install']
[0.783s] Level 1:colcon.colcon_core.package_identification:_identify(Code/dofbot_ws/src/dofbot_garbage_yolov5) by extension 'ignore'
[0.783s] Level 1:colcon.colcon_core.package_identification:_identify(Code/dofbot_ws/src/dofbot_garbage_yolov5) by extension 'ignore_ament_install'
[0.783s] Level 1:colcon.colcon_core.package_identification:_identify(Code/dofbot_ws/src/dofbot_garbage_yolov5) by extensions ['colcon_pkg']
[0.783s] Level 1:colcon.colcon_core.package_identification:_identify(Code/dofbot_ws/src/dofbot_garbage_yolov5) by extension 'colcon_pkg'
[0.783s] Level 1:colcon.colcon_core.package_identification:_identify(Code/dofbot_ws/src/dofbot_garbage_yolov5) by extensions ['colcon_meta']
[0.783s] Level 1:colcon.colcon_core.package_identification:_identify(Code/dofbot_ws/src/dofbot_garbage_yolov5) by extension 'colcon_meta'
[0.783s] Level 1:colcon.colcon_core.package_identification:_identify(Code/dofbot_ws/src/dofbot_garbage_yolov5) by extensions ['ros']
[0.783s] Level 1:colcon.colcon_core.package_identification:_identify(Code/dofbot_ws/src/dofbot_garbage_yolov5) by extension 'ros'
[0.784s] DEBUG:colcon.colcon_core.package_identification:Package 'Code/dofbot_ws/src/dofbot_garbage_yolov5' with type 'ros.catkin' and name 'dofbot_garbage_yolov5'
[0.784s] Level 1:colcon.colcon_core.package_identification:_identify(Code/dofbot_ws/src/dofbot_info) by extensions ['ignore', 'ignore_ament_install']
[0.785s] Level 1:colcon.colcon_core.package_identification:_identify(Code/dofbot_ws/src/dofbot_info) by extension 'ignore'
[0.785s] Level 1:colcon.colcon_core.package_identification:_identify(Code/dofbot_ws/src/dofbot_info) by extension 'ignore_ament_install'
[0.785s] Level 1:colcon.colcon_core.package_identification:_identify(Code/dofbot_ws/src/dofbot_info) by extensions ['colcon_pkg']
[0.785s] Level 1:colcon.colcon_core.package_identification:_identify(Code/dofbot_ws/src/dofbot_info) by extension 'colcon_pkg'
[0.785s] Level 1:colcon.colcon_core.package_identification:_identify(Code/dofbot_ws/src/dofbot_info) by extensions ['colcon_meta']
[0.785s] Level 1:colcon.colcon_core.package_identification:_identify(Code/dofbot_ws/src/dofbot_info) by extension 'colcon_meta'
[0.785s] Level 1:colcon.colcon_core.package_identification:_identify(Code/dofbot_ws/src/dofbot_info) by extensions ['ros']
[0.785s] Level 1:colcon.colcon_core.package_identification:_identify(Code/dofbot_ws/src/dofbot_info) by extension 'ros'
[0.786s] DEBUG:colcon.colcon_core.package_identification:Package 'Code/dofbot_ws/src/dofbot_info' with type 'ros.catkin' and name 'dofbot_info'
[0.786s] Level 1:colcon.colcon_core.package_identification:_identify(Code/dofbot_ws/src/dofbot_mediapipe) by extensions ['ignore', 'ignore_ament_install']
[0.786s] Level 1:colcon.colcon_core.package_identification:_identify(Code/dofbot_ws/src/dofbot_mediapipe) by extension 'ignore'
[0.786s] Level 1:colcon.colcon_core.package_identification:_identify(Code/dofbot_ws/src/dofbot_mediapipe) by extension 'ignore_ament_install'
[0.786s] Level 1:colcon.colcon_core.package_identification:_identify(Code/dofbot_ws/src/dofbot_mediapipe) by extensions ['colcon_pkg']
[0.786s] Level 1:colcon.colcon_core.package_identification:_identify(Code/dofbot_ws/src/dofbot_mediapipe) by extension 'colcon_pkg'
[0.786s] Level 1:colcon.colcon_core.package_identification:_identify(Code/dofbot_ws/src/dofbot_mediapipe) by extensions ['colcon_meta']
[0.786s] Level 1:colcon.colcon_core.package_identification:_identify(Code/dofbot_ws/src/dofbot_mediapipe) by extension 'colcon_meta'
[0.786s] Level 1:colcon.colcon_core.package_identification:_identify(Code/dofbot_ws/src/dofbot_mediapipe) by extensions ['ros']
[0.786s] Level 1:colcon.colcon_core.package_identification:_identify(Code/dofbot_ws/src/dofbot_mediapipe) by extension 'ros'
[0.787s] DEBUG:colcon.colcon_core.package_identification:Package 'Code/dofbot_ws/src/dofbot_mediapipe' with type 'ros.catkin' and name 'dofbot_mediapipe'
[0.787s] Level 1:colcon.colcon_core.package_identification:_identify(Code/dofbot_ws/src/dofbot_moveit) by extensions ['ignore', 'ignore_ament_install']
[0.787s] Level 1:colcon.colcon_core.package_identification:_identify(Code/dofbot_ws/src/dofbot_moveit) by extension 'ignore'
[0.788s] Level 1:colcon.colcon_core.package_identification:_identify(Code/dofbot_ws/src/dofbot_moveit) by extension 'ignore_ament_install'
[0.788s] Level 1:colcon.colcon_core.package_identification:_identify(Code/dofbot_ws/src/dofbot_moveit) by extensions ['colcon_pkg']
[0.788s] Level 1:colcon.colcon_core.package_identification:_identify(Code/dofbot_ws/src/dofbot_moveit) by extension 'colcon_pkg'
[0.788s] Level 1:colcon.colcon_core.package_identification:_identify(Code/dofbot_ws/src/dofbot_moveit) by extensions ['colcon_meta']
[0.788s] Level 1:colcon.colcon_core.package_identification:_identify(Code/dofbot_ws/src/dofbot_moveit) by extension 'colcon_meta'
[0.788s] Level 1:colcon.colcon_core.package_identification:_identify(Code/dofbot_ws/src/dofbot_moveit) by extensions ['ros']
[0.788s] Level 1:colcon.colcon_core.package_identification:_identify(Code/dofbot_ws/src/dofbot_moveit) by extension 'ros'
[0.789s] DEBUG:colcon.colcon_core.package_identification:Package 'Code/dofbot_ws/src/dofbot_moveit' with type 'ros.catkin' and name 'dofbot_moveit'
[0.789s] Level 1:colcon.colcon_core.package_identification:_identify(Code/dofbot_ws/src/dofbot_snake_follow) by extensions ['ignore', 'ignore_ament_install']
[0.789s] Level 1:colcon.colcon_core.package_identification:_identify(Code/dofbot_ws/src/dofbot_snake_follow) by extension 'ignore'
[0.789s] Level 1:colcon.colcon_core.package_identification:_identify(Code/dofbot_ws/src/dofbot_snake_follow) by extension 'ignore_ament_install'
[0.789s] Level 1:colcon.colcon_core.package_identification:_identify(Code/dofbot_ws/src/dofbot_snake_follow) by extensions ['colcon_pkg']
[0.789s] Level 1:colcon.colcon_core.package_identification:_identify(Code/dofbot_ws/src/dofbot_snake_follow) by extension 'colcon_pkg'
[0.789s] Level 1:colcon.colcon_core.package_identification:_identify(Code/dofbot_ws/src/dofbot_snake_follow) by extensions ['colcon_meta']
[0.789s] Level 1:colcon.colcon_core.package_identification:_identify(Code/dofbot_ws/src/dofbot_snake_follow) by extension 'colcon_meta'
[0.790s] Level 1:colcon.colcon_core.package_identification:_identify(Code/dofbot_ws/src/dofbot_snake_follow) by extensions ['ros']
[0.790s] Level 1:colcon.colcon_core.package_identification:_identify(Code/dofbot_ws/src/dofbot_snake_follow) by extension 'ros'
[0.790s] DEBUG:colcon.colcon_core.package_identification:Package 'Code/dofbot_ws/src/dofbot_snake_follow' with type 'ros.catkin' and name 'dofbot_snake_follow'
[0.791s] Level 1:colcon.colcon_core.package_identification:_identify(Code/dofbot_ws/src/dofbot_visual) by extensions ['ignore', 'ignore_ament_install']
[0.791s] Level 1:colcon.colcon_core.package_identification:_identify(Code/dofbot_ws/src/dofbot_visual) by extension 'ignore'
[0.791s] Level 1:colcon.colcon_core.package_identification:_identify(Code/dofbot_ws/src/dofbot_visual) by extension 'ignore_ament_install'
[0.791s] Level 1:colcon.colcon_core.package_identification:_identify(Code/dofbot_ws/src/dofbot_visual) by extensions ['colcon_pkg']
[0.791s] Level 1:colcon.colcon_core.package_identification:_identify(Code/dofbot_ws/src/dofbot_visual) by extension 'colcon_pkg'
[0.791s] Level 1:colcon.colcon_core.package_identification:_identify(Code/dofbot_ws/src/dofbot_visual) by extensions ['colcon_meta']
[0.791s] Level 1:colcon.colcon_core.package_identification:_identify(Code/dofbot_ws/src/dofbot_visual) by extension 'colcon_meta'
[0.791s] Level 1:colcon.colcon_core.package_identification:_identify(Code/dofbot_ws/src/dofbot_visual) by extensions ['ros']
[0.791s] Level 1:colcon.colcon_core.package_identification:_identify(Code/dofbot_ws/src/dofbot_visual) by extension 'ros'
[0.792s] DEBUG:colcon.colcon_core.package_identification:Package 'Code/dofbot_ws/src/dofbot_visual' with type 'ros.catkin' and name 'dofbot_visual'
[0.792s] Level 1:colcon.colcon_core.package_identification:_identify(Code/dofbot_ws/src/yahboomcar_description) by extensions ['ignore', 'ignore_ament_install']
[0.792s] Level 1:colcon.colcon_core.package_identification:_identify(Code/dofbot_ws/src/yahboomcar_description) by extension 'ignore'
[0.792s] Level 1:colcon.colcon_core.package_identification:_identify(Code/dofbot_ws/src/yahboomcar_description) by extension 'ignore_ament_install'
[0.792s] Level 1:colcon.colcon_core.package_identification:_identify(Code/dofbot_ws/src/yahboomcar_description) by extensions ['colcon_pkg']
[0.792s] Level 1:colcon.colcon_core.package_identification:_identify(Code/dofbot_ws/src/yahboomcar_description) by extension 'colcon_pkg'
[0.792s] Level 1:colcon.colcon_core.package_identification:_identify(Code/dofbot_ws/src/yahboomcar_description) by extensions ['colcon_meta']
[0.792s] Level 1:colcon.colcon_core.package_identification:_identify(Code/dofbot_ws/src/yahboomcar_description) by extension 'colcon_meta'
[0.792s] Level 1:colcon.colcon_core.package_identification:_identify(Code/dofbot_ws/src/yahboomcar_description) by extensions ['ros']
[0.792s] Level 1:colcon.colcon_core.package_identification:_identify(Code/dofbot_ws/src/yahboomcar_description) by extension 'ros'
[0.793s] DEBUG:colcon.colcon_core.package_identification:Package 'Code/dofbot_ws/src/yahboomcar_description' with type 'ros.catkin' and name 'yahboomcar_description'
[0.793s] Level 1:colcon.colcon_core.package_identification:_identify(Code/dofbot_ws/src/yahboomcar_msgs) by extensions ['ignore', 'ignore_ament_install']
[0.793s] Level 1:colcon.colcon_core.package_identification:_identify(Code/dofbot_ws/src/yahboomcar_msgs) by extension 'ignore'
[0.793s] Level 1:colcon.colcon_core.package_identification:_identify(Code/dofbot_ws/src/yahboomcar_msgs) by extension 'ignore_ament_install'
[0.794s] Level 1:colcon.colcon_core.package_identification:_identify(Code/dofbot_ws/src/yahboomcar_msgs) by extensions ['colcon_pkg']
[0.794s] Level 1:colcon.colcon_core.package_identification:_identify(Code/dofbot_ws/src/yahboomcar_msgs) by extension 'colcon_pkg'
[0.794s] Level 1:colcon.colcon_core.package_identification:_identify(Code/dofbot_ws/src/yahboomcar_msgs) by extensions ['colcon_meta']
[0.794s] Level 1:colcon.colcon_core.package_identification:_identify(Code/dofbot_ws/src/yahboomcar_msgs) by extension 'colcon_meta'
[0.794s] Level 1:colcon.colcon_core.package_identification:_identify(Code/dofbot_ws/src/yahboomcar_msgs) by extensions ['ros']
[0.794s] Level 1:colcon.colcon_core.package_identification:_identify(Code/dofbot_ws/src/yahboomcar_msgs) by extension 'ros'
[0.795s] DEBUG:colcon.colcon_core.package_identification:Package 'Code/dofbot_ws/src/yahboomcar_msgs' with type 'ros.catkin' and name 'yahboomcar_msgs'
[0.795s] Level 1:colcon.colcon_core.package_identification:_identify(Meshs) by extensions ['ignore', 'ignore_ament_install']
[0.795s] Level 1:colcon.colcon_core.package_identification:_identify(Meshs) by extension 'ignore'
[0.795s] Level 1:colcon.colcon_core.package_identification:_identify(Meshs) by extension 'ignore_ament_install'
[0.795s] Level 1:colcon.colcon_core.package_identification:_identify(Meshs) by extensions ['colcon_pkg']
[0.795s] Level 1:colcon.colcon_core.package_identification:_identify(Meshs) by extension 'colcon_pkg'
[0.795s] Level 1:colcon.colcon_core.package_identification:_identify(Meshs) by extensions ['colcon_meta']
[0.795s] Level 1:colcon.colcon_core.package_identification:_identify(Meshs) by extension 'colcon_meta'
[0.795s] Level 1:colcon.colcon_core.package_identification:_identify(Meshs) by extensions ['ros']
[0.795s] Level 1:colcon.colcon_core.package_identification:_identify(Meshs) by extension 'ros'
[0.795s] Level 1:colcon.colcon_core.package_identification:_identify(Meshs) by extensions ['cmake', 'python']
[0.795s] Level 1:colcon.colcon_core.package_identification:_identify(Meshs) by extension 'cmake'
[0.795s] Level 1:colcon.colcon_core.package_identification:_identify(Meshs) by extension 'python'
[0.795s] Level 1:colcon.colcon_core.package_identification:_identify(Meshs) by extensions ['python_setup_py']
[0.795s] Level 1:colcon.colcon_core.package_identification:_identify(Meshs) by extension 'python_setup_py'
[0.795s] Level 1:colcon.colcon_core.package_identification:_identify(Stm32 firmware) by extensions ['ignore', 'ignore_ament_install']
[0.795s] Level 1:colcon.colcon_core.package_identification:_identify(Stm32 firmware) by extension 'ignore'
[0.795s] Level 1:colcon.colcon_core.package_identification:_identify(Stm32 firmware) by extension 'ignore_ament_install'
[0.796s] Level 1:colcon.colcon_core.package_identification:_identify(Stm32 firmware) by extensions ['colcon_pkg']
[0.796s] Level 1:colcon.colcon_core.package_identification:_identify(Stm32 firmware) by extension 'colcon_pkg'
[0.796s] Level 1:colcon.colcon_core.package_identification:_identify(Stm32 firmware) by extensions ['colcon_meta']
[0.796s] Level 1:colcon.colcon_core.package_identification:_identify(Stm32 firmware) by extension 'colcon_meta'
[0.796s] Level 1:colcon.colcon_core.package_identification:_identify(Stm32 firmware) by extensions ['ros']
[0.796s] Level 1:colcon.colcon_core.package_identification:_identify(Stm32 firmware) by extension 'ros'
[0.796s] Level 1:colcon.colcon_core.package_identification:_identify(Stm32 firmware) by extensions ['cmake', 'python']
[0.796s] Level 1:colcon.colcon_core.package_identification:_identify(Stm32 firmware) by extension 'cmake'
[0.796s] Level 1:colcon.colcon_core.package_identification:_identify(Stm32 firmware) by extension 'python'
[0.796s] Level 1:colcon.colcon_core.package_identification:_identify(Stm32 firmware) by extensions ['python_setup_py']
[0.796s] Level 1:colcon.colcon_core.package_identification:_identify(Stm32 firmware) by extension 'python_setup_py'
[0.796s] Level 1:colcon.colcon_core.package_identification:_identify(URDF) by extensions ['ignore', 'ignore_ament_install']
[0.796s] Level 1:colcon.colcon_core.package_identification:_identify(URDF) by extension 'ignore'
[0.796s] Level 1:colcon.colcon_core.package_identification:_identify(URDF) by extension 'ignore_ament_install'
[0.796s] Level 1:colcon.colcon_core.package_identification:_identify(URDF) by extensions ['colcon_pkg']
[0.796s] Level 1:colcon.colcon_core.package_identification:_identify(URDF) by extension 'colcon_pkg'
[0.796s] Level 1:colcon.colcon_core.package_identification:_identify(URDF) by extensions ['colcon_meta']
[0.796s] Level 1:colcon.colcon_core.package_identification:_identify(URDF) by extension 'colcon_meta'
[0.796s] Level 1:colcon.colcon_core.package_identification:_identify(URDF) by extensions ['ros']
[0.796s] Level 1:colcon.colcon_core.package_identification:_identify(URDF) by extension 'ros'
[0.796s] Level 1:colcon.colcon_core.package_identification:_identify(URDF) by extensions ['cmake', 'python']
[0.796s] Level 1:colcon.colcon_core.package_identification:_identify(URDF) by extension 'cmake'
[0.796s] Level 1:colcon.colcon_core.package_identification:_identify(URDF) by extension 'python'
[0.796s] Level 1:colcon.colcon_core.package_identification:_identify(URDF) by extensions ['python_setup_py']
[0.796s] Level 1:colcon.colcon_core.package_identification:_identify(URDF) by extension 'python_setup_py'
[0.797s] Level 1:colcon.colcon_core.package_identification:_identify(Ubuntu20.04 Dynamic Dofbot Library) by extensions ['ignore', 'ignore_ament_install']
[0.797s] Level 1:colcon.colcon_core.package_identification:_identify(Ubuntu20.04 Dynamic Dofbot Library) by extension 'ignore'
[0.797s] Level 1:colcon.colcon_core.package_identification:_identify(Ubuntu20.04 Dynamic Dofbot Library) by extension 'ignore_ament_install'
[0.797s] Level 1:colcon.colcon_core.package_identification:_identify(Ubuntu20.04 Dynamic Dofbot Library) by extensions ['colcon_pkg']
[0.797s] Level 1:colcon.colcon_core.package_identification:_identify(Ubuntu20.04 Dynamic Dofbot Library) by extension 'colcon_pkg'
[0.797s] Level 1:colcon.colcon_core.package_identification:_identify(Ubuntu20.04 Dynamic Dofbot Library) by extensions ['colcon_meta']
[0.797s] Level 1:colcon.colcon_core.package_identification:_identify(Ubuntu20.04 Dynamic Dofbot Library) by extension 'colcon_meta'
[0.797s] Level 1:colcon.colcon_core.package_identification:_identify(Ubuntu20.04 Dynamic Dofbot Library) by extensions ['ros']
[0.797s] Level 1:colcon.colcon_core.package_identification:_identify(Ubuntu20.04 Dynamic Dofbot Library) by extension 'ros'
[0.797s] Level 1:colcon.colcon_core.package_identification:_identify(Ubuntu20.04 Dynamic Dofbot Library) by extensions ['cmake', 'python']
[0.797s] Level 1:colcon.colcon_core.package_identification:_identify(Ubuntu20.04 Dynamic Dofbot Library) by extension 'cmake'
[0.797s] Level 1:colcon.colcon_core.package_identification:_identify(Ubuntu20.04 Dynamic Dofbot Library) by extension 'python'
[0.797s] Level 1:colcon.colcon_core.package_identification:_identify(Ubuntu20.04 Dynamic Dofbot Library) by extensions ['python_setup_py']
[0.797s] Level 1:colcon.colcon_core.package_identification:_identify(Ubuntu20.04 Dynamic Dofbot Library) by extension 'python_setup_py'
[0.797s] Level 1:colcon.colcon_core.package_identification:_identify(arduino) by extensions ['ignore', 'ignore_ament_install']
[0.797s] Level 1:colcon.colcon_core.package_identification:_identify(arduino) by extension 'ignore'
[0.797s] Level 1:colcon.colcon_core.package_identification:_identify(arduino) by extension 'ignore_ament_install'
[0.797s] Level 1:colcon.colcon_core.package_identification:_identify(arduino) by extensions ['colcon_pkg']
[0.797s] Level 1:colcon.colcon_core.package_identification:_identify(arduino) by extension 'colcon_pkg'
[0.797s] Level 1:colcon.colcon_core.package_identification:_identify(arduino) by extensions ['colcon_meta']
[0.797s] Level 1:colcon.colcon_core.package_identification:_identify(arduino) by extension 'colcon_meta'
[0.797s] Level 1:colcon.colcon_core.package_identification:_identify(arduino) by extensions ['ros']
[0.797s] Level 1:colcon.colcon_core.package_identification:_identify(arduino) by extension 'ros'
[0.798s] Level 1:colcon.colcon_core.package_identification:_identify(arduino) by extensions ['cmake', 'python']
[0.798s] Level 1:colcon.colcon_core.package_identification:_identify(arduino) by extension 'cmake'
[0.798s] Level 1:colcon.colcon_core.package_identification:_identify(arduino) by extension 'python'
[0.798s] Level 1:colcon.colcon_core.package_identification:_identify(arduino) by extensions ['python_setup_py']
[0.798s] Level 1:colcon.colcon_core.package_identification:_identify(arduino) by extension 'python_setup_py'
[0.798s] Level 1:colcon.colcon_core.package_identification:_identify(arduino/dofbot_bridge) by extensions ['ignore', 'ignore_ament_install']
[0.798s] Level 1:colcon.colcon_core.package_identification:_identify(arduino/dofbot_bridge) by extension 'ignore'
[0.798s] Level 1:colcon.colcon_core.package_identification:_identify(arduino/dofbot_bridge) by extension 'ignore_ament_install'
[0.798s] Level 1:colcon.colcon_core.package_identification:_identify(arduino/dofbot_bridge) by extensions ['colcon_pkg']
[0.798s] Level 1:colcon.colcon_core.package_identification:_identify(arduino/dofbot_bridge) by extension 'colcon_pkg'
[0.798s] Level 1:colcon.colcon_core.package_identification:_identify(arduino/dofbot_bridge) by extensions ['colcon_meta']
[0.798s] Level 1:colcon.colcon_core.package_identification:_identify(arduino/dofbot_bridge) by extension 'colcon_meta'
[0.798s] Level 1:colcon.colcon_core.package_identification:_identify(arduino/dofbot_bridge) by extensions ['ros']
[0.798s] Level 1:colcon.colcon_core.package_identification:_identify(arduino/dofbot_bridge) by extension 'ros'
[0.798s] Level 1:colcon.colcon_core.package_identification:_identify(arduino/dofbot_bridge) by extensions ['cmake', 'python']
[0.798s] Level 1:colcon.colcon_core.package_identification:_identify(arduino/dofbot_bridge) by extension 'cmake'
[0.798s] Level 1:colcon.colcon_core.package_identification:_identify(arduino/dofbot_bridge) by extension 'python'
[0.798s] Level 1:colcon.colcon_core.package_identification:_identify(arduino/dofbot_bridge) by extensions ['python_setup_py']
[0.798s] Level 1:colcon.colcon_core.package_identification:_identify(arduino/dofbot_bridge) by extension 'python_setup_py'
[0.798s] Level 1:colcon.colcon_core.package_identification:_identify(build) by extensions ['ignore', 'ignore_ament_install']
[0.798s] Level 1:colcon.colcon_core.package_identification:_identify(build) by extension 'ignore'
[0.798s] Level 1:colcon.colcon_core.package_identification:_identify(build) ignored
[0.798s] Level 1:colcon.colcon_core.package_identification:_identify(dofbot_control) by extensions ['ignore', 'ignore_ament_install']
[0.798s] Level 1:colcon.colcon_core.package_identification:_identify(dofbot_control) by extension 'ignore'
[0.798s] Level 1:colcon.colcon_core.package_identification:_identify(dofbot_control) by extension 'ignore_ament_install'
[0.799s] Level 1:colcon.colcon_core.package_identification:_identify(dofbot_control) by extensions ['colcon_pkg']
[0.799s] Level 1:colcon.colcon_core.package_identification:_identify(dofbot_control) by extension 'colcon_pkg'
[0.799s] Level 1:colcon.colcon_core.package_identification:_identify(dofbot_control) by extensions ['colcon_meta']
[0.799s] Level 1:colcon.colcon_core.package_identification:_identify(dofbot_control) by extension 'colcon_meta'
[0.799s] Level 1:colcon.colcon_core.package_identification:_identify(dofbot_control) by extensions ['ros']
[0.799s] Level 1:colcon.colcon_core.package_identification:_identify(dofbot_control) by extension 'ros'
[0.800s] DEBUG:colcon.colcon_core.package_identification:Package 'dofbot_control' with type 'ros.ament_python' and name 'dofbot_control'
[0.800s] Level 1:colcon.colcon_core.package_identification:_identify(dofbot_moveit) by extensions ['ignore', 'ignore_ament_install']
[0.800s] Level 1:colcon.colcon_core.package_identification:_identify(dofbot_moveit) by extension 'ignore'
[0.800s] Level 1:colcon.colcon_core.package_identification:_identify(dofbot_moveit) by extension 'ignore_ament_install'
[0.800s] Level 1:colcon.colcon_core.package_identification:_identify(dofbot_moveit) by extensions ['colcon_pkg']
[0.800s] Level 1:colcon.colcon_core.package_identification:_identify(dofbot_moveit) by extension 'colcon_pkg'
[0.800s] Level 1:colcon.colcon_core.package_identification:_identify(dofbot_moveit) by extensions ['colcon_meta']
[0.800s] Level 1:colcon.colcon_core.package_identification:_identify(dofbot_moveit) by extension 'colcon_meta'
[0.800s] Level 1:colcon.colcon_core.package_identification:_identify(dofbot_moveit) by extensions ['ros']
[0.800s] Level 1:colcon.colcon_core.package_identification:_identify(dofbot_moveit) by extension 'ros'
[0.801s] DEBUG:colcon.colcon_core.package_identification:Package 'dofbot_moveit' with type 'ros.ament_cmake' and name 'dofbot_moveit'
[0.801s] Level 1:colcon.colcon_core.package_identification:_identify(dofbot_moveit_config) by extensions ['ignore', 'ignore_ament_install']
[0.801s] Level 1:colcon.colcon_core.package_identification:_identify(dofbot_moveit_config) by extension 'ignore'
[0.801s] Level 1:colcon.colcon_core.package_identification:_identify(dofbot_moveit_config) by extension 'ignore_ament_install'
[0.801s] Level 1:colcon.colcon_core.package_identification:_identify(dofbot_moveit_config) by extensions ['colcon_pkg']
[0.801s] Level 1:colcon.colcon_core.package_identification:_identify(dofbot_moveit_config) by extension 'colcon_pkg'
[0.801s] Level 1:colcon.colcon_core.package_identification:_identify(dofbot_moveit_config) by extensions ['colcon_meta']
[0.801s] Level 1:colcon.colcon_core.package_identification:_identify(dofbot_moveit_config) by extension 'colcon_meta'
[0.801s] Level 1:colcon.colcon_core.package_identification:_identify(dofbot_moveit_config) by extensions ['ros']
[0.801s] Level 1:colcon.colcon_core.package_identification:_identify(dofbot_moveit_config) by extension 'ros'
[0.803s] DEBUG:colcon.colcon_core.package_identification:Package 'dofbot_moveit_config' with type 'ros.ament_cmake' and name 'dofbot_moveit_config'
[0.803s] Level 1:colcon.colcon_core.package_identification:_identify(install) by extensions ['ignore', 'ignore_ament_install']
[0.803s] Level 1:colcon.colcon_core.package_identification:_identify(install) by extension 'ignore'
[0.803s] Level 1:colcon.colcon_core.package_identification:_identify(install) ignored
[0.803s] Level 1:colcon.colcon_core.package_identification:_identify(log) by extensions ['ignore', 'ignore_ament_install']
[0.803s] Level 1:colcon.colcon_core.package_identification:_identify(log) by extension 'ignore'
[0.803s] Level 1:colcon.colcon_core.package_identification:_identify(log) ignored
[0.803s] Level 1:colcon.colcon_core.package_discovery:discover_packages(recursive) using defaults
[0.803s] Level 1:colcon.colcon_core.package_discovery:discover_packages(ignore) discover
[0.803s] Level 1:colcon.colcon_core.package_discovery:discover_packages(ignore) using defaults
[0.803s] Level 1:colcon.colcon_core.package_discovery:discover_packages(path) discover
[0.803s] Level 1:colcon.colcon_core.package_discovery:discover_packages(path) using defaults
[0.848s] INFO:colcon.colcon_core.package_selection:Skipping not selected package 'Arm_Lib' in 'Code/Dofbot/0.py_install'
[0.848s] INFO:colcon.colcon_core.package_selection:Skipping not selected package 'arm_info' in 'Code/catkin_ws/src/arm_info'
[0.848s] INFO:colcon.colcon_core.package_selection:Skipping not selected package 'arm_mediapipe' in 'Code/dofbot_ws/src/arm_mediapipe'
[0.848s] INFO:colcon.colcon_core.package_selection:Skipping not selected package 'dofbot_info' in 'Code/dofbot_ws/src/dofbot_info'
[0.848s] INFO:colcon.colcon_core.package_selection:Skipping not selected package 'dofbot_mediapipe' in 'Code/dofbot_ws/src/dofbot_mediapipe'
[0.849s] INFO:colcon.colcon_core.package_selection:Skipping not selected package 'dofbot_moveit' in 'Code/dofbot_ws/src/dofbot_moveit'
[0.849s] INFO:colcon.colcon_core.package_selection:Skipping not selected package 'dofbot_moveit' in 'dofbot_moveit'
[0.849s] INFO:colcon.colcon_core.package_selection:Skipping not selected package 'dofbot_visual' in 'Code/dofbot_ws/src/dofbot_visual'
[0.849s] INFO:colcon.colcon_core.package_selection:Skipping not selected package 'yahboomcar_description' in 'Code/dofbot_ws/src/yahboomcar_description'
[0.849s] INFO:colcon.colcon_core.package_selection:Skipping not selected package 'yahboomcar_msgs' in 'Code/dofbot_ws/src/yahboomcar_msgs'
[0.849s] INFO:colcon.colcon_core.package_selection:Skipping not selected package 'arm_color_identify' in 'Code/catkin_ws/src/arm_color_identify'
[0.849s] INFO:colcon.colcon_core.package_selection:Skipping not selected package 'arm_color_stacking' in 'Code/catkin_ws/src/arm_color_stacking'
[0.849s] INFO:colcon.colcon_core.package_selection:Skipping not selected package 'arm_garbage_identify' in 'Code/catkin_ws/src/arm_garbage_identify'
[0.849s] INFO:colcon.colcon_core.package_selection:Skipping not selected package 'arm_snake_follow' in 'Code/catkin_ws/src/arm_snake_follow'
[0.849s] INFO:colcon.colcon_core.package_selection:Skipping not selected package 'dofbot_color_identify' in 'Code/dofbot_ws/src/dofbot_color_identify'
[0.849s] INFO:colcon.colcon_core.package_selection:Skipping not selected package 'dofbot_color_stacking' in 'Code/dofbot_ws/src/dofbot_color_stacking'
[0.849s] INFO:colcon.colcon_core.package_selection:Skipping not selected package 'dofbot_config' in 'Code/dofbot_ws/src/dofbot_config'
[0.849s] INFO:colcon.colcon_core.package_selection:Skipping not selected package 'dofbot_garbage_yolov5' in 'Code/dofbot_ws/src/dofbot_garbage_yolov5'
[0.849s] INFO:colcon.colcon_core.package_selection:Skipping not selected package 'dofbot_moveit_config' in 'dofbot_moveit_config'
[0.849s] INFO:colcon.colcon_core.package_selection:Skipping not selected package 'dofbot_snake_follow' in 'Code/dofbot_ws/src/dofbot_snake_follow'
[0.850s] Level 1:colcon.colcon_core.package_discovery:discover_packages(prefix_path) check parameters
[0.850s] Level 1:colcon.colcon_core.package_discovery:discover_packages(prefix_path) discover
[0.855s] DEBUG:colcon.colcon_installed_package_information.package_discovery:Found 357 installed packages in /opt/ros/humble
[0.856s] Level 1:colcon.colcon_core.package_discovery:discover_packages(prefix_path) using defaults
[0.965s] Level 5:colcon.colcon_core.verb:set package 'dofbot_control' build argument 'cmake_args' from command line to 'None'
[0.965s] Level 5:colcon.colcon_core.verb:set package 'dofbot_control' build argument 'cmake_target' from command line to 'None'
[0.965s] Level 5:colcon.colcon_core.verb:set package 'dofbot_control' build argument 'cmake_target_skip_unavailable' from command line to 'False'
[0.965s] Level 5:colcon.colcon_core.verb:set package 'dofbot_control' build argument 'cmake_clean_cache' from command line to 'False'
[0.965s] Level 5:colcon.colcon_core.verb:set package 'dofbot_control' build argument 'cmake_clean_first' from command line to 'False'
[0.965s] Level 5:colcon.colcon_core.verb:set package 'dofbot_control' build argument 'cmake_force_configure' from command line to 'False'
[0.965s] Level 5:colcon.colcon_core.verb:set package 'dofbot_control' build argument 'ament_cmake_args' from command line to 'None'
[0.965s] Level 5:colcon.colcon_core.verb:set package 'dofbot_control' build argument 'catkin_cmake_args' from command line to 'None'
[0.965s] Level 5:colcon.colcon_core.verb:set package 'dofbot_control' build argument 'catkin_skip_building_tests' from command line to 'False'
[0.965s] DEBUG:colcon.colcon_core.verb:Building package 'dofbot_control' with the following arguments: {'ament_cmake_args': None, 'build_base': '/home/sunbi/Manipulator/build/dofbot_control', 'catkin_cmake_args': None, 'catkin_skip_building_tests': False, 'cmake_args': None, 'cmake_clean_cache': False, 'cmake_clean_first': False, 'cmake_force_configure': False, 'cmake_target': None, 'cmake_target_skip_unavailable': False, 'install_base': '/home/sunbi/Manipulator/install/dofbot_control', 'merge_install': False, 'path': '/home/sunbi/Manipulator/dofbot_control', 'symlink_install': False, 'test_result_base': None}
[0.966s] INFO:colcon.colcon_core.executor:Executing jobs using 'parallel' executor
[0.967s] DEBUG:colcon.colcon_parallel_executor.executor.parallel:run_until_complete
[0.968s] INFO:colcon.colcon_ros.task.ament_python.build:Building ROS package in '/home/sunbi/Manipulator/dofbot_control' with build type 'ament_python'
[0.969s] Level 1:colcon.colcon_core.shell:create_environment_hook('dofbot_control', 'ament_prefix_path')
[0.977s] INFO:colcon.colcon_core.plugin_system:Skipping extension 'colcon_core.shell.bat': Not used on non-Windows systems
[0.977s] INFO:colcon.colcon_core.shell:Creating environment hook '/home/sunbi/Manipulator/install/dofbot_control/share/dofbot_control/hook/ament_prefix_path.ps1'
[0.980s] INFO:colcon.colcon_core.shell:Creating environment descriptor '/home/sunbi/Manipulator/install/dofbot_control/share/dofbot_control/hook/ament_prefix_path.dsv'
[0.981s] INFO:colcon.colcon_core.shell:Creating environment hook '/home/sunbi/Manipulator/install/dofbot_control/share/dofbot_control/hook/ament_prefix_path.sh'
[0.982s] INFO:colcon.colcon_core.shell:Skip shell extension 'powershell' for command environment: Not usable outside of PowerShell
[0.982s] DEBUG:colcon.colcon_core.shell:Skip shell extension 'dsv' for command environment
[1.193s] INFO:colcon.colcon_core.task.python.build:Building Python package in '/home/sunbi/Manipulator/dofbot_control'
[1.194s] INFO:colcon.colcon_core.shell:Skip shell extension 'powershell' for command environment: Not usable outside of PowerShell
[1.194s] DEBUG:colcon.colcon_core.shell:Skip shell extension 'dsv' for command environment
[1.704s] DEBUG:colcon.colcon_core.event_handler.log_command:Invoking command in '/home/sunbi/Manipulator/dofbot_control': PYTHONPATH=/home/sunbi/Manipulator/build/dofbot_control/prefix_override:/usr/lib/python3/dist-packages/colcon_core/task/python/colcon_distutils_commands:/home/sunbi/Manipulator/install/dofbot_control/lib/python3.10/site-packages:${PYTHONPATH} /usr/bin/python3 -W ignore:setup.py install is deprecated -W ignore:easy_install command is deprecated setup.py egg_info --egg-base ../build/dofbot_control build --build-base /home/sunbi/Manipulator/build/dofbot_control/build install --record /home/sunbi/Manipulator/build/dofbot_control/install.log --single-version-externally-managed install_data
[1.942s] DEBUG:colcon.colcon_core.event_handler.log_command:Invoked command in '/home/sunbi/Manipulator/dofbot_control' returned '0': PYTHONPATH=/home/sunbi/Manipulator/build/dofbot_control/prefix_override:/usr/lib/python3/dist-packages/colcon_core/task/python/colcon_distutils_commands:/home/sunbi/Manipulator/install/dofbot_control/lib/python3.10/site-packages:${PYTHONPATH} /usr/bin/python3 -W ignore:setup.py install is deprecated -W ignore:easy_install command is deprecated setup.py egg_info --egg-base ../build/dofbot_control build --build-base /home/sunbi/Manipulator/build/dofbot_control/build install --record /home/sunbi/Manipulator/build/dofbot_control/install.log --single-version-externally-managed install_data
[1.951s] Level 1:colcon.colcon_core.environment:checking '/home/sunbi/Manipulator/install/dofbot_control' for CMake module files
[1.952s] Level 1:colcon.colcon_core.environment:checking '/home/sunbi/Manipulator/install/dofbot_control' for CMake config files
[1.952s] Level 1:colcon.colcon_core.environment:checking '/home/sunbi/Manipulator/install/dofbot_control/lib'
[1.952s] Level 1:colcon.colcon_core.environment:checking '/home/sunbi/Manipulator/install/dofbot_control/bin'
[1.953s] Level 1:colcon.colcon_core.environment:checking '/home/sunbi/Manipulator/install/dofbot_control/lib/pkgconfig/dofbot_control.pc'
[1.953s] Level 1:colcon.colcon_core.environment:checking '/home/sunbi/Manipulator/install/dofbot_control/lib/python3.10/site-packages'
[1.953s] Level 1:colcon.colcon_core.shell:create_environment_hook('dofbot_control', 'pythonpath')
[1.953s] INFO:colcon.colcon_core.shell:Creating environment hook '/home/sunbi/Manipulator/install/dofbot_control/share/dofbot_control/hook/pythonpath.ps1'
[1.954s] INFO:colcon.colcon_core.shell:Creating environment descriptor '/home/sunbi/Manipulator/install/dofbot_control/share/dofbot_control/hook/pythonpath.dsv'
[1.955s] INFO:colcon.colcon_core.shell:Creating environment hook '/home/sunbi/Manipulator/install/dofbot_control/share/dofbot_control/hook/pythonpath.sh'
[1.955s] Level 1:colcon.colcon_core.environment:checking '/home/sunbi/Manipulator/install/dofbot_control/bin'
[1.955s] Level 1:colcon.colcon_core.environment:create_environment_scripts_only(dofbot_control)
[1.956s] INFO:colcon.colcon_core.shell:Creating package script '/home/sunbi/Manipulator/install/dofbot_control/share/dofbot_control/package.ps1'
[1.957s] INFO:colcon.colcon_core.shell:Creating package descriptor '/home/sunbi/Manipulator/install/dofbot_control/share/dofbot_control/package.dsv'
[1.957s] INFO:colcon.colcon_core.shell:Creating package script '/home/sunbi/Manipulator/install/dofbot_control/share/dofbot_control/package.sh'
[1.958s] INFO:colcon.colcon_core.shell:Creating package script '/home/sunbi/Manipulator/install/dofbot_control/share/dofbot_control/package.bash'
[1.959s] INFO:colcon.colcon_core.shell:Creating package script '/home/sunbi/Manipulator/install/dofbot_control/share/dofbot_control/package.zsh'
[1.960s] Level 1:colcon.colcon_core.environment:create_file_with_runtime_dependencies(/home/sunbi/Manipulator/install/dofbot_control/share/colcon-core/packages/dofbot_control)
[1.960s] DEBUG:colcon.colcon_parallel_executor.executor.parallel:closing loop
[1.961s] DEBUG:colcon.colcon_parallel_executor.executor.parallel:loop closed
[1.961s] DEBUG:colcon.colcon_parallel_executor.executor.parallel:run_until_complete finished with '0'
[1.962s] DEBUG:colcon.colcon_core.event_reactor:joining thread
[2.000s] INFO:colcon.colcon_core.plugin_system:Skipping extension 'colcon_notification.desktop_notification.notify_send': Could not find 'notify-send'
[2.000s] INFO:colcon.colcon_core.plugin_system:Skipping extension 'colcon_notification.desktop_notification.terminal_notifier': Not used on non-Darwin systems
[2.000s] INFO:colcon.colcon_core.plugin_system:Skipping extension 'colcon_notification.desktop_notification.win32': Not used on non-Windows systems
[2.000s] INFO:colcon.colcon_notification.desktop_notification:Sending desktop notification using 'notify2'
[2.000s] DEBUG:colcon.colcon_notification.desktop_notification.notify2:Failed to initialize notify2: org.freedesktop.DBus.Error.FileNotFound: Failed to connect to socket /run/user/1000/bus: No such file or directory
[2.000s] DEBUG:colcon.colcon_core.event_reactor:joined thread
[2.001s] INFO:colcon.colcon_core.shell:Creating prefix script '/home/sunbi/Manipulator/install/local_setup.ps1'
[2.002s] INFO:colcon.colcon_core.shell:Creating prefix util module '/home/sunbi/Manipulator/install/_local_setup_util_ps1.py'
[2.003s] INFO:colcon.colcon_core.shell:Creating prefix chain script '/home/sunbi/Manipulator/install/setup.ps1'
[2.004s] INFO:colcon.colcon_core.shell:Creating prefix script '/home/sunbi/Manipulator/install/local_setup.sh'
[2.005s] INFO:colcon.colcon_core.shell:Creating prefix util module '/home/sunbi/Manipulator/install/_local_setup_util_sh.py'
[2.005s] INFO:colcon.colcon_core.shell:Creating prefix chain script '/home/sunbi/Manipulator/install/setup.sh'
[2.006s] INFO:colcon.colcon_core.shell:Creating prefix script '/home/sunbi/Manipulator/install/local_setup.bash'
[2.007s] INFO:colcon.colcon_core.shell:Creating prefix chain script '/home/sunbi/Manipulator/install/setup.bash'
[2.008s] INFO:colcon.colcon_core.shell:Creating prefix script '/home/sunbi/Manipulator/install/local_setup.zsh'
[2.009s] INFO:colcon.colcon_core.shell:Creating prefix chain script '/home/sunbi/Manipulator/install/setup.zsh'
