[0.149s] DEBUG:colcon:Command line arguments: ['/usr/bin/colcon', 'build', '--packages-select', 'dofbot_moveit']
[0.149s] DEBUG:colcon:Parsed command line arguments: Namespace(log_base=None, log_level=None, verb_name='build', build_base='build', install_base='install', merge_install=False, symlink_install=False, test_result_base=None, continue_on_error=False, executor='parallel', parallel_workers=12, event_handlers=None, ignore_user_meta=False, metas=['./colcon.meta'], base_paths=['.'], packages_ignore=None, packages_ignore_regex=None, paths=None, packages_up_to=None, packages_up_to_regex=None, packages_above=None, packages_above_and_dependencies=None, packages_above_depth=None, packages_select_by_dep=None, packages_skip_by_dep=None, packages_skip_up_to=None, packages_select_build_failed=False, packages_skip_build_finished=False, packages_select_test_failures=False, packages_skip_test_passed=False, packages_select=['dofbot_moveit'], packages_skip=None, packages_select_regex=None, packages_skip_regex=None, packages_start=None, packages_end=None, allow_overriding=[], cmake_args=None, cmake_target=None, cmake_target_skip_unavailable=False, cmake_clean_cache=False, cmake_clean_first=False, cmake_force_configure=False, ament_cmake_args=None, catkin_cmake_args=None, catkin_skip_building_tests=False, verb_parser=<colcon_defaults.argument_parser.defaults.DefaultArgumentsDecorator object at 0x77f5ffb17640>, verb_extension=<colcon_core.verb.build.BuildVerb object at 0x77f5ffc68970>, main=<bound method BuildVerb.main of <colcon_core.verb.build.BuildVerb object at 0x77f5ffc68970>>)
[0.286s] Level 1:colcon.colcon_core.package_discovery:discover_packages(colcon_meta) check parameters
[0.286s] Level 1:colcon.colcon_core.package_discovery:discover_packages(recursive) check parameters
[0.286s] Level 1:colcon.colcon_core.package_discovery:discover_packages(ignore) check parameters
[0.286s] Level 1:colcon.colcon_core.package_discovery:discover_packages(path) check parameters
[0.286s] Level 1:colcon.colcon_core.package_discovery:discover_packages(colcon_meta) discover
[0.287s] Level 1:colcon.colcon_core.package_discovery:discover_packages(recursive) discover
[0.287s] INFO:colcon.colcon_core.package_discovery:Crawling recursively for packages in '/home/sunbi/Manipulator'
[0.287s] Level 1:colcon.colcon_core.package_identification:_identify(.) by extensions ['ignore', 'ignore_ament_install']
[0.287s] Level 1:colcon.colcon_core.package_identification:_identify(.) by extension 'ignore'
[0.287s] Level 1:colcon.colcon_core.package_identification:_identify(.) by extension 'ignore_ament_install'
[0.287s] Level 1:colcon.colcon_core.package_identification:_identify(.) by extensions ['colcon_pkg']
[0.287s] Level 1:colcon.colcon_core.package_identification:_identify(.) by extension 'colcon_pkg'
[0.287s] Level 1:colcon.colcon_core.package_identification:_identify(.) by extensions ['colcon_meta']
[0.287s] Level 1:colcon.colcon_core.package_identification:_identify(.) by extension 'colcon_meta'
[0.287s] Level 1:colcon.colcon_core.package_identification:_identify(.) by extensions ['ros']
[0.287s] Level 1:colcon.colcon_core.package_identification:_identify(.) by extension 'ros'
[0.296s] Level 1:colcon.colcon_core.package_identification:_identify(.) by extensions ['cmake', 'python']
[0.296s] Level 1:colcon.colcon_core.package_identification:_identify(.) by extension 'cmake'
[0.296s] Level 1:colcon.colcon_core.package_identification:_identify(.) by extension 'python'
[0.296s] Level 1:colcon.colcon_core.package_identification:_identify(.) by extensions ['python_setup_py']
[0.296s] Level 1:colcon.colcon_core.package_identification:_identify(.) by extension 'python_setup_py'
[0.296s] Level 1:colcon.colcon_core.package_identification:_identify(Code) by extensions ['ignore', 'ignore_ament_install']
[0.296s] Level 1:colcon.colcon_core.package_identification:_identify(Code) by extension 'ignore'
[0.296s] Level 1:colcon.colcon_core.package_identification:_identify(Code) by extension 'ignore_ament_install'
[0.296s] Level 1:colcon.colcon_core.package_identification:_identify(Code) by extensions ['colcon_pkg']
[0.296s] Level 1:colcon.colcon_core.package_identification:_identify(Code) by extension 'colcon_pkg'
[0.296s] Level 1:colcon.colcon_core.package_identification:_identify(Code) by extensions ['colcon_meta']
[0.296s] Level 1:colcon.colcon_core.package_identification:_identify(Code) by extension 'colcon_meta'
[0.296s] Level 1:colcon.colcon_core.package_identification:_identify(Code) by extensions ['ros']
[0.296s] Level 1:colcon.colcon_core.package_identification:_identify(Code) by extension 'ros'
[0.296s] Level 1:colcon.colcon_core.package_identification:_identify(Code) by extensions ['cmake', 'python']
[0.296s] Level 1:colcon.colcon_core.package_identification:_identify(Code) by extension 'cmake'
[0.297s] Level 1:colcon.colcon_core.package_identification:_identify(Code) by extension 'python'
[0.297s] Level 1:colcon.colcon_core.package_identification:_identify(Code) by extensions ['python_setup_py']
[0.297s] Level 1:colcon.colcon_core.package_identification:_identify(Code) by extension 'python_setup_py'
[0.297s] Level 1:colcon.colcon_core.package_identification:_identify(Code/Dofbot) by extensions ['ignore', 'ignore_ament_install']
[0.297s] Level 1:colcon.colcon_core.package_identification:_identify(Code/Dofbot) by extension 'ignore'
[0.297s] Level 1:colcon.colcon_core.package_identification:_identify(Code/Dofbot) by extension 'ignore_ament_install'
[0.297s] Level 1:colcon.colcon_core.package_identification:_identify(Code/Dofbot) by extensions ['colcon_pkg']
[0.297s] Level 1:colcon.colcon_core.package_identification:_identify(Code/Dofbot) by extension 'colcon_pkg'
[0.297s] Level 1:colcon.colcon_core.package_identification:_identify(Code/Dofbot) by extensions ['colcon_meta']
[0.297s] Level 1:colcon.colcon_core.package_identification:_identify(Code/Dofbot) by extension 'colcon_meta'
[0.297s] Level 1:colcon.colcon_core.package_identification:_identify(Code/Dofbot) by extensions ['ros']
[0.297s] Level 1:colcon.colcon_core.package_identification:_identify(Code/Dofbot) by extension 'ros'
[0.297s] Level 1:colcon.colcon_core.package_identification:_identify(Code/Dofbot) by extensions ['cmake', 'python']
[0.297s] Level 1:colcon.colcon_core.package_identification:_identify(Code/Dofbot) by extension 'cmake'
[0.297s] Level 1:colcon.colcon_core.package_identification:_identify(Code/Dofbot) by extension 'python'
[0.297s] Level 1:colcon.colcon_core.package_identification:_identify(Code/Dofbot) by extensions ['python_setup_py']
[0.297s] Level 1:colcon.colcon_core.package_identification:_identify(Code/Dofbot) by extension 'python_setup_py'
[0.297s] Level 1:colcon.colcon_core.package_identification:_identify(Code/Dofbot/0.py_install) by extensions ['ignore', 'ignore_ament_install']
[0.297s] Level 1:colcon.colcon_core.package_identification:_identify(Code/Dofbot/0.py_install) by extension 'ignore'
[0.297s] Level 1:colcon.colcon_core.package_identification:_identify(Code/Dofbot/0.py_install) by extension 'ignore_ament_install'
[0.298s] Level 1:colcon.colcon_core.package_identification:_identify(Code/Dofbot/0.py_install) by extensions ['colcon_pkg']
[0.298s] Level 1:colcon.colcon_core.package_identification:_identify(Code/Dofbot/0.py_install) by extension 'colcon_pkg'
[0.298s] Level 1:colcon.colcon_core.package_identification:_identify(Code/Dofbot/0.py_install) by extensions ['colcon_meta']
[0.298s] Level 1:colcon.colcon_core.package_identification:_identify(Code/Dofbot/0.py_install) by extension 'colcon_meta'
[0.298s] Level 1:colcon.colcon_core.package_identification:_identify(Code/Dofbot/0.py_install) by extensions ['ros']
[0.298s] Level 1:colcon.colcon_core.package_identification:_identify(Code/Dofbot/0.py_install) by extension 'ros'
[0.298s] Level 1:colcon.colcon_core.package_identification:_identify(Code/Dofbot/0.py_install) by extensions ['cmake', 'python']
[0.298s] Level 1:colcon.colcon_core.package_identification:_identify(Code/Dofbot/0.py_install) by extension 'cmake'
[0.298s] Level 1:colcon.colcon_core.package_identification:_identify(Code/Dofbot/0.py_install) by extension 'python'
[0.298s] Level 1:colcon.colcon_core.package_identification:_identify(Code/Dofbot/0.py_install) by extensions ['python_setup_py']
[0.298s] Level 1:colcon.colcon_core.package_identification:_identify(Code/Dofbot/0.py_install) by extension 'python_setup_py'
[0.500s] DEBUG:colcon.colcon_core.package_identification:Package 'Code/Dofbot/0.py_install' with type 'python' and name 'Arm_Lib'
[0.500s] Level 1:colcon.colcon_core.package_identification:_identify(Code/Dofbot/1.telecontrol) by extensions ['ignore', 'ignore_ament_install']
[0.501s] Level 1:colcon.colcon_core.package_identification:_identify(Code/Dofbot/1.telecontrol) by extension 'ignore'
[0.501s] Level 1:colcon.colcon_core.package_identification:_identify(Code/Dofbot/1.telecontrol) by extension 'ignore_ament_install'
[0.501s] Level 1:colcon.colcon_core.package_identification:_identify(Code/Dofbot/1.telecontrol) by extensions ['colcon_pkg']
[0.501s] Level 1:colcon.colcon_core.package_identification:_identify(Code/Dofbot/1.telecontrol) by extension 'colcon_pkg'
[0.501s] Level 1:colcon.colcon_core.package_identification:_identify(Code/Dofbot/1.telecontrol) by extensions ['colcon_meta']
[0.501s] Level 1:colcon.colcon_core.package_identification:_identify(Code/Dofbot/1.telecontrol) by extension 'colcon_meta'
[0.501s] Level 1:colcon.colcon_core.package_identification:_identify(Code/Dofbot/1.telecontrol) by extensions ['ros']
[0.501s] Level 1:colcon.colcon_core.package_identification:_identify(Code/Dofbot/1.telecontrol) by extension 'ros'
[0.501s] Level 1:colcon.colcon_core.package_identification:_identify(Code/Dofbot/1.telecontrol) by extensions ['cmake', 'python']
[0.501s] Level 1:colcon.colcon_core.package_identification:_identify(Code/Dofbot/1.telecontrol) by extension 'cmake'
[0.501s] Level 1:colcon.colcon_core.package_identification:_identify(Code/Dofbot/1.telecontrol) by extension 'python'
[0.501s] Level 1:colcon.colcon_core.package_identification:_identify(Code/Dofbot/1.telecontrol) by extensions ['python_setup_py']
[0.501s] Level 1:colcon.colcon_core.package_identification:_identify(Code/Dofbot/1.telecontrol) by extension 'python_setup_py'
[0.501s] Level 1:colcon.colcon_core.package_identification:_identify(Code/Dofbot/1.telecontrol/4.arm_handle) by extensions ['ignore', 'ignore_ament_install']
[0.501s] Level 1:colcon.colcon_core.package_identification:_identify(Code/Dofbot/1.telecontrol/4.arm_handle) by extension 'ignore'
[0.501s] Level 1:colcon.colcon_core.package_identification:_identify(Code/Dofbot/1.telecontrol/4.arm_handle) by extension 'ignore_ament_install'
[0.501s] Level 1:colcon.colcon_core.package_identification:_identify(Code/Dofbot/1.telecontrol/4.arm_handle) by extensions ['colcon_pkg']
[0.501s] Level 1:colcon.colcon_core.package_identification:_identify(Code/Dofbot/1.telecontrol/4.arm_handle) by extension 'colcon_pkg'
[0.502s] Level 1:colcon.colcon_core.package_identification:_identify(Code/Dofbot/1.telecontrol/4.arm_handle) by extensions ['colcon_meta']
[0.502s] Level 1:colcon.colcon_core.package_identification:_identify(Code/Dofbot/1.telecontrol/4.arm_handle) by extension 'colcon_meta'
[0.502s] Level 1:colcon.colcon_core.package_identification:_identify(Code/Dofbot/1.telecontrol/4.arm_handle) by extensions ['ros']
[0.502s] Level 1:colcon.colcon_core.package_identification:_identify(Code/Dofbot/1.telecontrol/4.arm_handle) by extension 'ros'
[0.502s] Level 1:colcon.colcon_core.package_identification:_identify(Code/Dofbot/1.telecontrol/4.arm_handle) by extensions ['cmake', 'python']
[0.502s] Level 1:colcon.colcon_core.package_identification:_identify(Code/Dofbot/1.telecontrol/4.arm_handle) by extension 'cmake'
[0.502s] Level 1:colcon.colcon_core.package_identification:_identify(Code/Dofbot/1.telecontrol/4.arm_handle) by extension 'python'
[0.502s] Level 1:colcon.colcon_core.package_identification:_identify(Code/Dofbot/1.telecontrol/4.arm_handle) by extensions ['python_setup_py']
[0.502s] Level 1:colcon.colcon_core.package_identification:_identify(Code/Dofbot/1.telecontrol/4.arm_handle) by extension 'python_setup_py'
[0.502s] Level 1:colcon.colcon_core.package_identification:_identify(Code/Dofbot/2.sys_settings) by extensions ['ignore', 'ignore_ament_install']
[0.502s] Level 1:colcon.colcon_core.package_identification:_identify(Code/Dofbot/2.sys_settings) by extension 'ignore'
[0.502s] Level 1:colcon.colcon_core.package_identification:_identify(Code/Dofbot/2.sys_settings) by extension 'ignore_ament_install'
[0.502s] Level 1:colcon.colcon_core.package_identification:_identify(Code/Dofbot/2.sys_settings) by extensions ['colcon_pkg']
[0.502s] Level 1:colcon.colcon_core.package_identification:_identify(Code/Dofbot/2.sys_settings) by extension 'colcon_pkg'
[0.502s] Level 1:colcon.colcon_core.package_identification:_identify(Code/Dofbot/2.sys_settings) by extensions ['colcon_meta']
[0.502s] Level 1:colcon.colcon_core.package_identification:_identify(Code/Dofbot/2.sys_settings) by extension 'colcon_meta'
[0.502s] Level 1:colcon.colcon_core.package_identification:_identify(Code/Dofbot/2.sys_settings) by extensions ['ros']
[0.502s] Level 1:colcon.colcon_core.package_identification:_identify(Code/Dofbot/2.sys_settings) by extension 'ros'
[0.502s] Level 1:colcon.colcon_core.package_identification:_identify(Code/Dofbot/2.sys_settings) by extensions ['cmake', 'python']
[0.502s] Level 1:colcon.colcon_core.package_identification:_identify(Code/Dofbot/2.sys_settings) by extension 'cmake'
[0.502s] Level 1:colcon.colcon_core.package_identification:_identify(Code/Dofbot/2.sys_settings) by extension 'python'
[0.502s] Level 1:colcon.colcon_core.package_identification:_identify(Code/Dofbot/2.sys_settings) by extensions ['python_setup_py']
[0.502s] Level 1:colcon.colcon_core.package_identification:_identify(Code/Dofbot/2.sys_settings) by extension 'python_setup_py'
[0.503s] Level 1:colcon.colcon_core.package_identification:_identify(Code/Dofbot/2.sys_settings/1.OLED) by extensions ['ignore', 'ignore_ament_install']
[0.503s] Level 1:colcon.colcon_core.package_identification:_identify(Code/Dofbot/2.sys_settings/1.OLED) by extension 'ignore'
[0.503s] Level 1:colcon.colcon_core.package_identification:_identify(Code/Dofbot/2.sys_settings/1.OLED) by extension 'ignore_ament_install'
[0.503s] Level 1:colcon.colcon_core.package_identification:_identify(Code/Dofbot/2.sys_settings/1.OLED) by extensions ['colcon_pkg']
[0.503s] Level 1:colcon.colcon_core.package_identification:_identify(Code/Dofbot/2.sys_settings/1.OLED) by extension 'colcon_pkg'
[0.503s] Level 1:colcon.colcon_core.package_identification:_identify(Code/Dofbot/2.sys_settings/1.OLED) by extensions ['colcon_meta']
[0.503s] Level 1:colcon.colcon_core.package_identification:_identify(Code/Dofbot/2.sys_settings/1.OLED) by extension 'colcon_meta'
[0.503s] Level 1:colcon.colcon_core.package_identification:_identify(Code/Dofbot/2.sys_settings/1.OLED) by extensions ['ros']
[0.503s] Level 1:colcon.colcon_core.package_identification:_identify(Code/Dofbot/2.sys_settings/1.OLED) by extension 'ros'
[0.503s] Level 1:colcon.colcon_core.package_identification:_identify(Code/Dofbot/2.sys_settings/1.OLED) by extensions ['cmake', 'python']
[0.503s] Level 1:colcon.colcon_core.package_identification:_identify(Code/Dofbot/2.sys_settings/1.OLED) by extension 'cmake'
[0.503s] Level 1:colcon.colcon_core.package_identification:_identify(Code/Dofbot/2.sys_settings/1.OLED) by extension 'python'
[0.503s] Level 1:colcon.colcon_core.package_identification:_identify(Code/Dofbot/2.sys_settings/1.OLED) by extensions ['python_setup_py']
[0.503s] Level 1:colcon.colcon_core.package_identification:_identify(Code/Dofbot/2.sys_settings/1.OLED) by extension 'python_setup_py'
[0.503s] Level 1:colcon.colcon_core.package_identification:_identify(Code/Dofbot/3.ctrl_Arm) by extensions ['ignore', 'ignore_ament_install']
[0.503s] Level 1:colcon.colcon_core.package_identification:_identify(Code/Dofbot/3.ctrl_Arm) by extension 'ignore'
[0.503s] Level 1:colcon.colcon_core.package_identification:_identify(Code/Dofbot/3.ctrl_Arm) by extension 'ignore_ament_install'
[0.503s] Level 1:colcon.colcon_core.package_identification:_identify(Code/Dofbot/3.ctrl_Arm) by extensions ['colcon_pkg']
[0.503s] Level 1:colcon.colcon_core.package_identification:_identify(Code/Dofbot/3.ctrl_Arm) by extension 'colcon_pkg'
[0.503s] Level 1:colcon.colcon_core.package_identification:_identify(Code/Dofbot/3.ctrl_Arm) by extensions ['colcon_meta']
[0.503s] Level 1:colcon.colcon_core.package_identification:_identify(Code/Dofbot/3.ctrl_Arm) by extension 'colcon_meta'
[0.503s] Level 1:colcon.colcon_core.package_identification:_identify(Code/Dofbot/3.ctrl_Arm) by extensions ['ros']
[0.503s] Level 1:colcon.colcon_core.package_identification:_identify(Code/Dofbot/3.ctrl_Arm) by extension 'ros'
[0.504s] Level 1:colcon.colcon_core.package_identification:_identify(Code/Dofbot/3.ctrl_Arm) by extensions ['cmake', 'python']
[0.504s] Level 1:colcon.colcon_core.package_identification:_identify(Code/Dofbot/3.ctrl_Arm) by extension 'cmake'
[0.504s] Level 1:colcon.colcon_core.package_identification:_identify(Code/Dofbot/3.ctrl_Arm) by extension 'python'
[0.504s] Level 1:colcon.colcon_core.package_identification:_identify(Code/Dofbot/3.ctrl_Arm) by extensions ['python_setup_py']
[0.504s] Level 1:colcon.colcon_core.package_identification:_identify(Code/Dofbot/3.ctrl_Arm) by extension 'python_setup_py'
[0.504s] Level 1:colcon.colcon_core.package_identification:_identify(Code/Dofbot/3.ctrl_Arm/12.sync_movement) by extensions ['ignore', 'ignore_ament_install']
[0.504s] Level 1:colcon.colcon_core.package_identification:_identify(Code/Dofbot/3.ctrl_Arm/12.sync_movement) by extension 'ignore'
[0.504s] Level 1:colcon.colcon_core.package_identification:_identify(Code/Dofbot/3.ctrl_Arm/12.sync_movement) by extension 'ignore_ament_install'
[0.504s] Level 1:colcon.colcon_core.package_identification:_identify(Code/Dofbot/3.ctrl_Arm/12.sync_movement) by extensions ['colcon_pkg']
[0.504s] Level 1:colcon.colcon_core.package_identification:_identify(Code/Dofbot/3.ctrl_Arm/12.sync_movement) by extension 'colcon_pkg'
[0.504s] Level 1:colcon.colcon_core.package_identification:_identify(Code/Dofbot/3.ctrl_Arm/12.sync_movement) by extensions ['colcon_meta']
[0.504s] Level 1:colcon.colcon_core.package_identification:_identify(Code/Dofbot/3.ctrl_Arm/12.sync_movement) by extension 'colcon_meta'
[0.504s] Level 1:colcon.colcon_core.package_identification:_identify(Code/Dofbot/3.ctrl_Arm/12.sync_movement) by extensions ['ros']
[0.504s] Level 1:colcon.colcon_core.package_identification:_identify(Code/Dofbot/3.ctrl_Arm/12.sync_movement) by extension 'ros'
[0.504s] Level 1:colcon.colcon_core.package_identification:_identify(Code/Dofbot/3.ctrl_Arm/12.sync_movement) by extensions ['cmake', 'python']
[0.504s] Level 1:colcon.colcon_core.package_identification:_identify(Code/Dofbot/3.ctrl_Arm/12.sync_movement) by extension 'cmake'
[0.504s] Level 1:colcon.colcon_core.package_identification:_identify(Code/Dofbot/3.ctrl_Arm/12.sync_movement) by extension 'python'
[0.504s] Level 1:colcon.colcon_core.package_identification:_identify(Code/Dofbot/3.ctrl_Arm/12.sync_movement) by extensions ['python_setup_py']
[0.504s] Level 1:colcon.colcon_core.package_identification:_identify(Code/Dofbot/3.ctrl_Arm/12.sync_movement) by extension 'python_setup_py'
[0.504s] Level 1:colcon.colcon_core.package_identification:_identify(Code/Dofbot/4.opencv) by extensions ['ignore', 'ignore_ament_install']
[0.504s] Level 1:colcon.colcon_core.package_identification:_identify(Code/Dofbot/4.opencv) by extension 'ignore'
[0.505s] Level 1:colcon.colcon_core.package_identification:_identify(Code/Dofbot/4.opencv) by extension 'ignore_ament_install'
[0.505s] Level 1:colcon.colcon_core.package_identification:_identify(Code/Dofbot/4.opencv) by extensions ['colcon_pkg']
[0.505s] Level 1:colcon.colcon_core.package_identification:_identify(Code/Dofbot/4.opencv) by extension 'colcon_pkg'
[0.505s] Level 1:colcon.colcon_core.package_identification:_identify(Code/Dofbot/4.opencv) by extensions ['colcon_meta']
[0.505s] Level 1:colcon.colcon_core.package_identification:_identify(Code/Dofbot/4.opencv) by extension 'colcon_meta'
[0.505s] Level 1:colcon.colcon_core.package_identification:_identify(Code/Dofbot/4.opencv) by extensions ['ros']
[0.505s] Level 1:colcon.colcon_core.package_identification:_identify(Code/Dofbot/4.opencv) by extension 'ros'
[0.505s] Level 1:colcon.colcon_core.package_identification:_identify(Code/Dofbot/4.opencv) by extensions ['cmake', 'python']
[0.505s] Level 1:colcon.colcon_core.package_identification:_identify(Code/Dofbot/4.opencv) by extension 'cmake'
[0.505s] Level 1:colcon.colcon_core.package_identification:_identify(Code/Dofbot/4.opencv) by extension 'python'
[0.505s] Level 1:colcon.colcon_core.package_identification:_identify(Code/Dofbot/4.opencv) by extensions ['python_setup_py']
[0.505s] Level 1:colcon.colcon_core.package_identification:_identify(Code/Dofbot/4.opencv) by extension 'python_setup_py'
[0.505s] Level 1:colcon.colcon_core.package_identification:_identify(Code/Dofbot/4.opencv/01_Getting_Started_with_OpenCV) by extensions ['ignore', 'ignore_ament_install']
[0.505s] Level 1:colcon.colcon_core.package_identification:_identify(Code/Dofbot/4.opencv/01_Getting_Started_with_OpenCV) by extension 'ignore'
[0.505s] Level 1:colcon.colcon_core.package_identification:_identify(Code/Dofbot/4.opencv/01_Getting_Started_with_OpenCV) by extension 'ignore_ament_install'
[0.505s] Level 1:colcon.colcon_core.package_identification:_identify(Code/Dofbot/4.opencv/01_Getting_Started_with_OpenCV) by extensions ['colcon_pkg']
[0.505s] Level 1:colcon.colcon_core.package_identification:_identify(Code/Dofbot/4.opencv/01_Getting_Started_with_OpenCV) by extension 'colcon_pkg'
[0.505s] Level 1:colcon.colcon_core.package_identification:_identify(Code/Dofbot/4.opencv/01_Getting_Started_with_OpenCV) by extensions ['colcon_meta']
[0.505s] Level 1:colcon.colcon_core.package_identification:_identify(Code/Dofbot/4.opencv/01_Getting_Started_with_OpenCV) by extension 'colcon_meta'
[0.505s] Level 1:colcon.colcon_core.package_identification:_identify(Code/Dofbot/4.opencv/01_Getting_Started_with_OpenCV) by extensions ['ros']
[0.505s] Level 1:colcon.colcon_core.package_identification:_identify(Code/Dofbot/4.opencv/01_Getting_Started_with_OpenCV) by extension 'ros'
[0.505s] Level 1:colcon.colcon_core.package_identification:_identify(Code/Dofbot/4.opencv/01_Getting_Started_with_OpenCV) by extensions ['cmake', 'python']
[0.506s] Level 1:colcon.colcon_core.package_identification:_identify(Code/Dofbot/4.opencv/01_Getting_Started_with_OpenCV) by extension 'cmake'
[0.506s] Level 1:colcon.colcon_core.package_identification:_identify(Code/Dofbot/4.opencv/01_Getting_Started_with_OpenCV) by extension 'python'
[0.506s] Level 1:colcon.colcon_core.package_identification:_identify(Code/Dofbot/4.opencv/01_Getting_Started_with_OpenCV) by extensions ['python_setup_py']
[0.506s] Level 1:colcon.colcon_core.package_identification:_identify(Code/Dofbot/4.opencv/01_Getting_Started_with_OpenCV) by extension 'python_setup_py'
[0.506s] Level 1:colcon.colcon_core.package_identification:_identify(Code/Dofbot/4.opencv/02_OpenCV Transform) by extensions ['ignore', 'ignore_ament_install']
[0.506s] Level 1:colcon.colcon_core.package_identification:_identify(Code/Dofbot/4.opencv/02_OpenCV Transform) by extension 'ignore'
[0.506s] Level 1:colcon.colcon_core.package_identification:_identify(Code/Dofbot/4.opencv/02_OpenCV Transform) by extension 'ignore_ament_install'
[0.506s] Level 1:colcon.colcon_core.package_identification:_identify(Code/Dofbot/4.opencv/02_OpenCV Transform) by extensions ['colcon_pkg']
[0.506s] Level 1:colcon.colcon_core.package_identification:_identify(Code/Dofbot/4.opencv/02_OpenCV Transform) by extension 'colcon_pkg'
[0.506s] Level 1:colcon.colcon_core.package_identification:_identify(Code/Dofbot/4.opencv/02_OpenCV Transform) by extensions ['colcon_meta']
[0.506s] Level 1:colcon.colcon_core.package_identification:_identify(Code/Dofbot/4.opencv/02_OpenCV Transform) by extension 'colcon_meta'
[0.506s] Level 1:colcon.colcon_core.package_identification:_identify(Code/Dofbot/4.opencv/02_OpenCV Transform) by extensions ['ros']
[0.506s] Level 1:colcon.colcon_core.package_identification:_identify(Code/Dofbot/4.opencv/02_OpenCV Transform) by extension 'ros'
[0.506s] Level 1:colcon.colcon_core.package_identification:_identify(Code/Dofbot/4.opencv/02_OpenCV Transform) by extensions ['cmake', 'python']
[0.506s] Level 1:colcon.colcon_core.package_identification:_identify(Code/Dofbot/4.opencv/02_OpenCV Transform) by extension 'cmake'
[0.506s] Level 1:colcon.colcon_core.package_identification:_identify(Code/Dofbot/4.opencv/02_OpenCV Transform) by extension 'python'
[0.506s] Level 1:colcon.colcon_core.package_identification:_identify(Code/Dofbot/4.opencv/02_OpenCV Transform) by extensions ['python_setup_py']
[0.506s] Level 1:colcon.colcon_core.package_identification:_identify(Code/Dofbot/4.opencv/02_OpenCV Transform) by extension 'python_setup_py'
[0.506s] Level 1:colcon.colcon_core.package_identification:_identify(Code/Dofbot/4.opencv/03_Image processing and text drawing) by extensions ['ignore', 'ignore_ament_install']
[0.506s] Level 1:colcon.colcon_core.package_identification:_identify(Code/Dofbot/4.opencv/03_Image processing and text drawing) by extension 'ignore'
[0.506s] Level 1:colcon.colcon_core.package_identification:_identify(Code/Dofbot/4.opencv/03_Image processing and text drawing) by extension 'ignore_ament_install'
[0.506s] Level 1:colcon.colcon_core.package_identification:_identify(Code/Dofbot/4.opencv/03_Image processing and text drawing) by extensions ['colcon_pkg']
[0.506s] Level 1:colcon.colcon_core.package_identification:_identify(Code/Dofbot/4.opencv/03_Image processing and text drawing) by extension 'colcon_pkg'
[0.507s] Level 1:colcon.colcon_core.package_identification:_identify(Code/Dofbot/4.opencv/03_Image processing and text drawing) by extensions ['colcon_meta']
[0.507s] Level 1:colcon.colcon_core.package_identification:_identify(Code/Dofbot/4.opencv/03_Image processing and text drawing) by extension 'colcon_meta'
[0.507s] Level 1:colcon.colcon_core.package_identification:_identify(Code/Dofbot/4.opencv/03_Image processing and text drawing) by extensions ['ros']
[0.507s] Level 1:colcon.colcon_core.package_identification:_identify(Code/Dofbot/4.opencv/03_Image processing and text drawing) by extension 'ros'
[0.507s] Level 1:colcon.colcon_core.package_identification:_identify(Code/Dofbot/4.opencv/03_Image processing and text drawing) by extensions ['cmake', 'python']
[0.507s] Level 1:colcon.colcon_core.package_identification:_identify(Code/Dofbot/4.opencv/03_Image processing and text drawing) by extension 'cmake'
[0.507s] Level 1:colcon.colcon_core.package_identification:_identify(Code/Dofbot/4.opencv/03_Image processing and text drawing) by extension 'python'
[0.507s] Level 1:colcon.colcon_core.package_identification:_identify(Code/Dofbot/4.opencv/03_Image processing and text drawing) by extensions ['python_setup_py']
[0.507s] Level 1:colcon.colcon_core.package_identification:_identify(Code/Dofbot/4.opencv/03_Image processing and text drawing) by extension 'python_setup_py'
[0.507s] Level 1:colcon.colcon_core.package_identification:_identify(Code/Dofbot/4.opencv/4.Image beautification) by extensions ['ignore', 'ignore_ament_install']
[0.507s] Level 1:colcon.colcon_core.package_identification:_identify(Code/Dofbot/4.opencv/4.Image beautification) by extension 'ignore'
[0.507s] Level 1:colcon.colcon_core.package_identification:_identify(Code/Dofbot/4.opencv/4.Image beautification) by extension 'ignore_ament_install'
[0.507s] Level 1:colcon.colcon_core.package_identification:_identify(Code/Dofbot/4.opencv/4.Image beautification) by extensions ['colcon_pkg']
[0.507s] Level 1:colcon.colcon_core.package_identification:_identify(Code/Dofbot/4.opencv/4.Image beautification) by extension 'colcon_pkg'
[0.507s] Level 1:colcon.colcon_core.package_identification:_identify(Code/Dofbot/4.opencv/4.Image beautification) by extensions ['colcon_meta']
[0.507s] Level 1:colcon.colcon_core.package_identification:_identify(Code/Dofbot/4.opencv/4.Image beautification) by extension 'colcon_meta'
[0.507s] Level 1:colcon.colcon_core.package_identification:_identify(Code/Dofbot/4.opencv/4.Image beautification) by extensions ['ros']
[0.507s] Level 1:colcon.colcon_core.package_identification:_identify(Code/Dofbot/4.opencv/4.Image beautification) by extension 'ros'
[0.507s] Level 1:colcon.colcon_core.package_identification:_identify(Code/Dofbot/4.opencv/4.Image beautification) by extensions ['cmake', 'python']
[0.507s] Level 1:colcon.colcon_core.package_identification:_identify(Code/Dofbot/4.opencv/4.Image beautification) by extension 'cmake'
[0.507s] Level 1:colcon.colcon_core.package_identification:_identify(Code/Dofbot/4.opencv/4.Image beautification) by extension 'python'
[0.507s] Level 1:colcon.colcon_core.package_identification:_identify(Code/Dofbot/4.opencv/4.Image beautification) by extensions ['python_setup_py']
[0.507s] Level 1:colcon.colcon_core.package_identification:_identify(Code/Dofbot/4.opencv/4.Image beautification) by extension 'python_setup_py'
[0.507s] Level 1:colcon.colcon_core.package_identification:_identify(Code/Dofbot/6.AI_Visual) by extensions ['ignore', 'ignore_ament_install']
[0.508s] Level 1:colcon.colcon_core.package_identification:_identify(Code/Dofbot/6.AI_Visual) by extension 'ignore'
[0.508s] Level 1:colcon.colcon_core.package_identification:_identify(Code/Dofbot/6.AI_Visual) by extension 'ignore_ament_install'
[0.508s] Level 1:colcon.colcon_core.package_identification:_identify(Code/Dofbot/6.AI_Visual) by extensions ['colcon_pkg']
[0.508s] Level 1:colcon.colcon_core.package_identification:_identify(Code/Dofbot/6.AI_Visual) by extension 'colcon_pkg'
[0.508s] Level 1:colcon.colcon_core.package_identification:_identify(Code/Dofbot/6.AI_Visual) by extensions ['colcon_meta']
[0.508s] Level 1:colcon.colcon_core.package_identification:_identify(Code/Dofbot/6.AI_Visual) by extension 'colcon_meta'
[0.508s] Level 1:colcon.colcon_core.package_identification:_identify(Code/Dofbot/6.AI_Visual) by extensions ['ros']
[0.508s] Level 1:colcon.colcon_core.package_identification:_identify(Code/Dofbot/6.AI_Visual) by extension 'ros'
[0.508s] Level 1:colcon.colcon_core.package_identification:_identify(Code/Dofbot/6.AI_Visual) by extensions ['cmake', 'python']
[0.508s] Level 1:colcon.colcon_core.package_identification:_identify(Code/Dofbot/6.AI_Visual) by extension 'cmake'
[0.508s] Level 1:colcon.colcon_core.package_identification:_identify(Code/Dofbot/6.AI_Visual) by extension 'python'
[0.508s] Level 1:colcon.colcon_core.package_identification:_identify(Code/Dofbot/6.AI_Visual) by extensions ['python_setup_py']
[0.508s] Level 1:colcon.colcon_core.package_identification:_identify(Code/Dofbot/6.AI_Visual) by extension 'python_setup_py'
[0.508s] Level 1:colcon.colcon_core.package_identification:_identify(Code/Dofbot/6.AI_Visual/__pycache__) by extensions ['ignore', 'ignore_ament_install']
[0.508s] Level 1:colcon.colcon_core.package_identification:_identify(Code/Dofbot/6.AI_Visual/__pycache__) by extension 'ignore'
[0.508s] Level 1:colcon.colcon_core.package_identification:_identify(Code/Dofbot/6.AI_Visual/__pycache__) by extension 'ignore_ament_install'
[0.508s] Level 1:colcon.colcon_core.package_identification:_identify(Code/Dofbot/6.AI_Visual/__pycache__) by extensions ['colcon_pkg']
[0.508s] Level 1:colcon.colcon_core.package_identification:_identify(Code/Dofbot/6.AI_Visual/__pycache__) by extension 'colcon_pkg'
[0.508s] Level 1:colcon.colcon_core.package_identification:_identify(Code/Dofbot/6.AI_Visual/__pycache__) by extensions ['colcon_meta']
[0.508s] Level 1:colcon.colcon_core.package_identification:_identify(Code/Dofbot/6.AI_Visual/__pycache__) by extension 'colcon_meta'
[0.508s] Level 1:colcon.colcon_core.package_identification:_identify(Code/Dofbot/6.AI_Visual/__pycache__) by extensions ['ros']
[0.508s] Level 1:colcon.colcon_core.package_identification:_identify(Code/Dofbot/6.AI_Visual/__pycache__) by extension 'ros'
[0.508s] Level 1:colcon.colcon_core.package_identification:_identify(Code/Dofbot/6.AI_Visual/__pycache__) by extensions ['cmake', 'python']
[0.508s] Level 1:colcon.colcon_core.package_identification:_identify(Code/Dofbot/6.AI_Visual/__pycache__) by extension 'cmake'
[0.508s] Level 1:colcon.colcon_core.package_identification:_identify(Code/Dofbot/6.AI_Visual/__pycache__) by extension 'python'
[0.508s] Level 1:colcon.colcon_core.package_identification:_identify(Code/Dofbot/6.AI_Visual/__pycache__) by extensions ['python_setup_py']
[0.508s] Level 1:colcon.colcon_core.package_identification:_identify(Code/Dofbot/6.AI_Visual/__pycache__) by extension 'python_setup_py'
[0.509s] Level 1:colcon.colcon_core.package_identification:_identify(Code/Dofbot/6.AI_Visual/models) by extensions ['ignore', 'ignore_ament_install']
[0.509s] Level 1:colcon.colcon_core.package_identification:_identify(Code/Dofbot/6.AI_Visual/models) by extension 'ignore'
[0.509s] Level 1:colcon.colcon_core.package_identification:_identify(Code/Dofbot/6.AI_Visual/models) by extension 'ignore_ament_install'
[0.509s] Level 1:colcon.colcon_core.package_identification:_identify(Code/Dofbot/6.AI_Visual/models) by extensions ['colcon_pkg']
[0.509s] Level 1:colcon.colcon_core.package_identification:_identify(Code/Dofbot/6.AI_Visual/models) by extension 'colcon_pkg'
[0.509s] Level 1:colcon.colcon_core.package_identification:_identify(Code/Dofbot/6.AI_Visual/models) by extensions ['colcon_meta']
[0.509s] Level 1:colcon.colcon_core.package_identification:_identify(Code/Dofbot/6.AI_Visual/models) by extension 'colcon_meta'
[0.509s] Level 1:colcon.colcon_core.package_identification:_identify(Code/Dofbot/6.AI_Visual/models) by extensions ['ros']
[0.509s] Level 1:colcon.colcon_core.package_identification:_identify(Code/Dofbot/6.AI_Visual/models) by extension 'ros'
[0.509s] Level 1:colcon.colcon_core.package_identification:_identify(Code/Dofbot/6.AI_Visual/models) by extensions ['cmake', 'python']
[0.509s] Level 1:colcon.colcon_core.package_identification:_identify(Code/Dofbot/6.AI_Visual/models) by extension 'cmake'
[0.509s] Level 1:colcon.colcon_core.package_identification:_identify(Code/Dofbot/6.AI_Visual/models) by extension 'python'
[0.509s] Level 1:colcon.colcon_core.package_identification:_identify(Code/Dofbot/6.AI_Visual/models) by extensions ['python_setup_py']
[0.509s] Level 1:colcon.colcon_core.package_identification:_identify(Code/Dofbot/6.AI_Visual/models) by extension 'python_setup_py'
[0.509s] Level 1:colcon.colcon_core.package_identification:_identify(Code/Dofbot/6.AI_Visual/models/__pycache__) by extensions ['ignore', 'ignore_ament_install']
[0.509s] Level 1:colcon.colcon_core.package_identification:_identify(Code/Dofbot/6.AI_Visual/models/__pycache__) by extension 'ignore'
[0.509s] Level 1:colcon.colcon_core.package_identification:_identify(Code/Dofbot/6.AI_Visual/models/__pycache__) by extension 'ignore_ament_install'
[0.509s] Level 1:colcon.colcon_core.package_identification:_identify(Code/Dofbot/6.AI_Visual/models/__pycache__) by extensions ['colcon_pkg']
[0.509s] Level 1:colcon.colcon_core.package_identification:_identify(Code/Dofbot/6.AI_Visual/models/__pycache__) by extension 'colcon_pkg'
[0.509s] Level 1:colcon.colcon_core.package_identification:_identify(Code/Dofbot/6.AI_Visual/models/__pycache__) by extensions ['colcon_meta']
[0.509s] Level 1:colcon.colcon_core.package_identification:_identify(Code/Dofbot/6.AI_Visual/models/__pycache__) by extension 'colcon_meta'
[0.509s] Level 1:colcon.colcon_core.package_identification:_identify(Code/Dofbot/6.AI_Visual/models/__pycache__) by extensions ['ros']
[0.509s] Level 1:colcon.colcon_core.package_identification:_identify(Code/Dofbot/6.AI_Visual/models/__pycache__) by extension 'ros'
[0.510s] Level 1:colcon.colcon_core.package_identification:_identify(Code/Dofbot/6.AI_Visual/models/__pycache__) by extensions ['cmake', 'python']
[0.510s] Level 1:colcon.colcon_core.package_identification:_identify(Code/Dofbot/6.AI_Visual/models/__pycache__) by extension 'cmake'
[0.510s] Level 1:colcon.colcon_core.package_identification:_identify(Code/Dofbot/6.AI_Visual/models/__pycache__) by extension 'python'
[0.510s] Level 1:colcon.colcon_core.package_identification:_identify(Code/Dofbot/6.AI_Visual/models/__pycache__) by extensions ['python_setup_py']
[0.510s] Level 1:colcon.colcon_core.package_identification:_identify(Code/Dofbot/6.AI_Visual/models/__pycache__) by extension 'python_setup_py'
[0.510s] Level 1:colcon.colcon_core.package_identification:_identify(Code/Dofbot/6.AI_Visual/utils) by extensions ['ignore', 'ignore_ament_install']
[0.510s] Level 1:colcon.colcon_core.package_identification:_identify(Code/Dofbot/6.AI_Visual/utils) by extension 'ignore'
[0.510s] Level 1:colcon.colcon_core.package_identification:_identify(Code/Dofbot/6.AI_Visual/utils) by extension 'ignore_ament_install'
[0.510s] Level 1:colcon.colcon_core.package_identification:_identify(Code/Dofbot/6.AI_Visual/utils) by extensions ['colcon_pkg']
[0.510s] Level 1:colcon.colcon_core.package_identification:_identify(Code/Dofbot/6.AI_Visual/utils) by extension 'colcon_pkg'
[0.510s] Level 1:colcon.colcon_core.package_identification:_identify(Code/Dofbot/6.AI_Visual/utils) by extensions ['colcon_meta']
[0.510s] Level 1:colcon.colcon_core.package_identification:_identify(Code/Dofbot/6.AI_Visual/utils) by extension 'colcon_meta'
[0.510s] Level 1:colcon.colcon_core.package_identification:_identify(Code/Dofbot/6.AI_Visual/utils) by extensions ['ros']
[0.510s] Level 1:colcon.colcon_core.package_identification:_identify(Code/Dofbot/6.AI_Visual/utils) by extension 'ros'
[0.510s] Level 1:colcon.colcon_core.package_identification:_identify(Code/Dofbot/6.AI_Visual/utils) by extensions ['cmake', 'python']
[0.510s] Level 1:colcon.colcon_core.package_identification:_identify(Code/Dofbot/6.AI_Visual/utils) by extension 'cmake'
[0.510s] Level 1:colcon.colcon_core.package_identification:_identify(Code/Dofbot/6.AI_Visual/utils) by extension 'python'
[0.510s] Level 1:colcon.colcon_core.package_identification:_identify(Code/Dofbot/6.AI_Visual/utils) by extensions ['python_setup_py']
[0.510s] Level 1:colcon.colcon_core.package_identification:_identify(Code/Dofbot/6.AI_Visual/utils) by extension 'python_setup_py'
[0.510s] Level 1:colcon.colcon_core.package_identification:_identify(Code/Dofbot/6.AI_Visual/utils/__pycache__) by extensions ['ignore', 'ignore_ament_install']
[0.510s] Level 1:colcon.colcon_core.package_identification:_identify(Code/Dofbot/6.AI_Visual/utils/__pycache__) by extension 'ignore'
[0.511s] Level 1:colcon.colcon_core.package_identification:_identify(Code/Dofbot/6.AI_Visual/utils/__pycache__) by extension 'ignore_ament_install'
[0.511s] Level 1:colcon.colcon_core.package_identification:_identify(Code/Dofbot/6.AI_Visual/utils/__pycache__) by extensions ['colcon_pkg']
[0.511s] Level 1:colcon.colcon_core.package_identification:_identify(Code/Dofbot/6.AI_Visual/utils/__pycache__) by extension 'colcon_pkg'
[0.511s] Level 1:colcon.colcon_core.package_identification:_identify(Code/Dofbot/6.AI_Visual/utils/__pycache__) by extensions ['colcon_meta']
[0.511s] Level 1:colcon.colcon_core.package_identification:_identify(Code/Dofbot/6.AI_Visual/utils/__pycache__) by extension 'colcon_meta'
[0.511s] Level 1:colcon.colcon_core.package_identification:_identify(Code/Dofbot/6.AI_Visual/utils/__pycache__) by extensions ['ros']
[0.511s] Level 1:colcon.colcon_core.package_identification:_identify(Code/Dofbot/6.AI_Visual/utils/__pycache__) by extension 'ros'
[0.511s] Level 1:colcon.colcon_core.package_identification:_identify(Code/Dofbot/6.AI_Visual/utils/__pycache__) by extensions ['cmake', 'python']
[0.511s] Level 1:colcon.colcon_core.package_identification:_identify(Code/Dofbot/6.AI_Visual/utils/__pycache__) by extension 'cmake'
[0.511s] Level 1:colcon.colcon_core.package_identification:_identify(Code/Dofbot/6.AI_Visual/utils/__pycache__) by extension 'python'
[0.511s] Level 1:colcon.colcon_core.package_identification:_identify(Code/Dofbot/6.AI_Visual/utils/__pycache__) by extensions ['python_setup_py']
[0.511s] Level 1:colcon.colcon_core.package_identification:_identify(Code/Dofbot/6.AI_Visual/utils/__pycache__) by extension 'python_setup_py'
[0.511s] Level 1:colcon.colcon_core.package_identification:_identify(Code/Dofbot/7.Voice_control_basics) by extensions ['ignore', 'ignore_ament_install']
[0.511s] Level 1:colcon.colcon_core.package_identification:_identify(Code/Dofbot/7.Voice_control_basics) by extension 'ignore'
[0.511s] Level 1:colcon.colcon_core.package_identification:_identify(Code/Dofbot/7.Voice_control_basics) by extension 'ignore_ament_install'
[0.511s] Level 1:colcon.colcon_core.package_identification:_identify(Code/Dofbot/7.Voice_control_basics) by extensions ['colcon_pkg']
[0.511s] Level 1:colcon.colcon_core.package_identification:_identify(Code/Dofbot/7.Voice_control_basics) by extension 'colcon_pkg'
[0.511s] Level 1:colcon.colcon_core.package_identification:_identify(Code/Dofbot/7.Voice_control_basics) by extensions ['colcon_meta']
[0.511s] Level 1:colcon.colcon_core.package_identification:_identify(Code/Dofbot/7.Voice_control_basics) by extension 'colcon_meta'
[0.511s] Level 1:colcon.colcon_core.package_identification:_identify(Code/Dofbot/7.Voice_control_basics) by extensions ['ros']
[0.511s] Level 1:colcon.colcon_core.package_identification:_identify(Code/Dofbot/7.Voice_control_basics) by extension 'ros'
[0.511s] Level 1:colcon.colcon_core.package_identification:_identify(Code/Dofbot/7.Voice_control_basics) by extensions ['cmake', 'python']
[0.511s] Level 1:colcon.colcon_core.package_identification:_identify(Code/Dofbot/7.Voice_control_basics) by extension 'cmake'
[0.511s] Level 1:colcon.colcon_core.package_identification:_identify(Code/Dofbot/7.Voice_control_basics) by extension 'python'
[0.511s] Level 1:colcon.colcon_core.package_identification:_identify(Code/Dofbot/7.Voice_control_basics) by extensions ['python_setup_py']
[0.511s] Level 1:colcon.colcon_core.package_identification:_identify(Code/Dofbot/7.Voice_control_basics) by extension 'python_setup_py'
[0.512s] Level 1:colcon.colcon_core.package_identification:_identify(Code/Dofbot/8.Voice_advanced_control) by extensions ['ignore', 'ignore_ament_install']
[0.512s] Level 1:colcon.colcon_core.package_identification:_identify(Code/Dofbot/8.Voice_advanced_control) by extension 'ignore'
[0.512s] Level 1:colcon.colcon_core.package_identification:_identify(Code/Dofbot/8.Voice_advanced_control) by extension 'ignore_ament_install'
[0.512s] Level 1:colcon.colcon_core.package_identification:_identify(Code/Dofbot/8.Voice_advanced_control) by extensions ['colcon_pkg']
[0.512s] Level 1:colcon.colcon_core.package_identification:_identify(Code/Dofbot/8.Voice_advanced_control) by extension 'colcon_pkg'
[0.512s] Level 1:colcon.colcon_core.package_identification:_identify(Code/Dofbot/8.Voice_advanced_control) by extensions ['colcon_meta']
[0.512s] Level 1:colcon.colcon_core.package_identification:_identify(Code/Dofbot/8.Voice_advanced_control) by extension 'colcon_meta'
[0.512s] Level 1:colcon.colcon_core.package_identification:_identify(Code/Dofbot/8.Voice_advanced_control) by extensions ['ros']
[0.512s] Level 1:colcon.colcon_core.package_identification:_identify(Code/Dofbot/8.Voice_advanced_control) by extension 'ros'
[0.512s] Level 1:colcon.colcon_core.package_identification:_identify(Code/Dofbot/8.Voice_advanced_control) by extensions ['cmake', 'python']
[0.512s] Level 1:colcon.colcon_core.package_identification:_identify(Code/Dofbot/8.Voice_advanced_control) by extension 'cmake'
[0.512s] Level 1:colcon.colcon_core.package_identification:_identify(Code/Dofbot/8.Voice_advanced_control) by extension 'python'
[0.512s] Level 1:colcon.colcon_core.package_identification:_identify(Code/Dofbot/8.Voice_advanced_control) by extensions ['python_setup_py']
[0.512s] Level 1:colcon.colcon_core.package_identification:_identify(Code/Dofbot/8.Voice_advanced_control) by extension 'python_setup_py'
[0.512s] Level 1:colcon.colcon_core.package_identification:_identify(Code/Dofbot/9.Voice_AI_interaction) by extensions ['ignore', 'ignore_ament_install']
[0.512s] Level 1:colcon.colcon_core.package_identification:_identify(Code/Dofbot/9.Voice_AI_interaction) by extension 'ignore'
[0.512s] Level 1:colcon.colcon_core.package_identification:_identify(Code/Dofbot/9.Voice_AI_interaction) by extension 'ignore_ament_install'
[0.512s] Level 1:colcon.colcon_core.package_identification:_identify(Code/Dofbot/9.Voice_AI_interaction) by extensions ['colcon_pkg']
[0.512s] Level 1:colcon.colcon_core.package_identification:_identify(Code/Dofbot/9.Voice_AI_interaction) by extension 'colcon_pkg'
[0.512s] Level 1:colcon.colcon_core.package_identification:_identify(Code/Dofbot/9.Voice_AI_interaction) by extensions ['colcon_meta']
[0.512s] Level 1:colcon.colcon_core.package_identification:_identify(Code/Dofbot/9.Voice_AI_interaction) by extension 'colcon_meta'
[0.513s] Level 1:colcon.colcon_core.package_identification:_identify(Code/Dofbot/9.Voice_AI_interaction) by extensions ['ros']
[0.513s] Level 1:colcon.colcon_core.package_identification:_identify(Code/Dofbot/9.Voice_AI_interaction) by extension 'ros'
[0.513s] Level 1:colcon.colcon_core.package_identification:_identify(Code/Dofbot/9.Voice_AI_interaction) by extensions ['cmake', 'python']
[0.513s] Level 1:colcon.colcon_core.package_identification:_identify(Code/Dofbot/9.Voice_AI_interaction) by extension 'cmake'
[0.513s] Level 1:colcon.colcon_core.package_identification:_identify(Code/Dofbot/9.Voice_AI_interaction) by extension 'python'
[0.513s] Level 1:colcon.colcon_core.package_identification:_identify(Code/Dofbot/9.Voice_AI_interaction) by extensions ['python_setup_py']
[0.513s] Level 1:colcon.colcon_core.package_identification:_identify(Code/Dofbot/9.Voice_AI_interaction) by extension 'python_setup_py'
[0.513s] Level 1:colcon.colcon_core.package_identification:_identify(Code/catkin_ws) by extensions ['ignore', 'ignore_ament_install']
[0.513s] Level 1:colcon.colcon_core.package_identification:_identify(Code/catkin_ws) by extension 'ignore'
[0.513s] Level 1:colcon.colcon_core.package_identification:_identify(Code/catkin_ws) by extension 'ignore_ament_install'
[0.513s] Level 1:colcon.colcon_core.package_identification:_identify(Code/catkin_ws) by extensions ['colcon_pkg']
[0.513s] Level 1:colcon.colcon_core.package_identification:_identify(Code/catkin_ws) by extension 'colcon_pkg'
[0.513s] Level 1:colcon.colcon_core.package_identification:_identify(Code/catkin_ws) by extensions ['colcon_meta']
[0.513s] Level 1:colcon.colcon_core.package_identification:_identify(Code/catkin_ws) by extension 'colcon_meta'
[0.513s] Level 1:colcon.colcon_core.package_identification:_identify(Code/catkin_ws) by extensions ['ros']
[0.513s] Level 1:colcon.colcon_core.package_identification:_identify(Code/catkin_ws) by extension 'ros'
[0.513s] Level 1:colcon.colcon_core.package_identification:_identify(Code/catkin_ws) by extensions ['cmake', 'python']
[0.513s] Level 1:colcon.colcon_core.package_identification:_identify(Code/catkin_ws) by extension 'cmake'
[0.513s] Level 1:colcon.colcon_core.package_identification:_identify(Code/catkin_ws) by extension 'python'
[0.513s] Level 1:colcon.colcon_core.package_identification:_identify(Code/catkin_ws) by extensions ['python_setup_py']
[0.513s] Level 1:colcon.colcon_core.package_identification:_identify(Code/catkin_ws) by extension 'python_setup_py'
[0.513s] Level 1:colcon.colcon_core.package_identification:_identify(Code/catkin_ws/build) by extensions ['ignore', 'ignore_ament_install']
[0.513s] Level 1:colcon.colcon_core.package_identification:_identify(Code/catkin_ws/build) by extension 'ignore'
[0.513s] Level 1:colcon.colcon_core.package_identification:_identify(Code/catkin_ws/build) by extension 'ignore_ament_install'
[0.514s] Level 1:colcon.colcon_core.package_identification:_identify(Code/catkin_ws/build) by extensions ['colcon_pkg']
[0.514s] Level 1:colcon.colcon_core.package_identification:_identify(Code/catkin_ws/build) by extension 'colcon_pkg'
[0.514s] Level 1:colcon.colcon_core.package_identification:_identify(Code/catkin_ws/build) by extensions ['colcon_meta']
[0.514s] Level 1:colcon.colcon_core.package_identification:_identify(Code/catkin_ws/build) by extension 'colcon_meta'
[0.514s] Level 1:colcon.colcon_core.package_identification:_identify(Code/catkin_ws/build) by extensions ['ros']
[0.514s] Level 1:colcon.colcon_core.package_identification:_identify(Code/catkin_ws/build) by extension 'ros'
[0.514s] Level 1:colcon.colcon_core.package_identification:_identify(Code/catkin_ws/build) ignored
[0.514s] Level 1:colcon.colcon_core.package_identification:_identify(Code/catkin_ws/devel) by extensions ['ignore', 'ignore_ament_install']
[0.514s] Level 1:colcon.colcon_core.package_identification:_identify(Code/catkin_ws/devel) by extension 'ignore'
[0.514s] Level 1:colcon.colcon_core.package_identification:_identify(Code/catkin_ws/devel) by extension 'ignore_ament_install'
[0.514s] Level 1:colcon.colcon_core.package_identification:_identify(Code/catkin_ws/devel) ignored
[0.514s] Level 1:colcon.colcon_core.package_identification:_identify(Code/catkin_ws/src) by extensions ['ignore', 'ignore_ament_install']
[0.514s] Level 1:colcon.colcon_core.package_identification:_identify(Code/catkin_ws/src) by extension 'ignore'
[0.514s] Level 1:colcon.colcon_core.package_identification:_identify(Code/catkin_ws/src) by extension 'ignore_ament_install'
[0.514s] Level 1:colcon.colcon_core.package_identification:_identify(Code/catkin_ws/src) by extensions ['colcon_pkg']
[0.514s] Level 1:colcon.colcon_core.package_identification:_identify(Code/catkin_ws/src) by extension 'colcon_pkg'
[0.514s] Level 1:colcon.colcon_core.package_identification:_identify(Code/catkin_ws/src) by extensions ['colcon_meta']
[0.514s] Level 1:colcon.colcon_core.package_identification:_identify(Code/catkin_ws/src) by extension 'colcon_meta'
[0.514s] Level 1:colcon.colcon_core.package_identification:_identify(Code/catkin_ws/src) by extensions ['ros']
[0.514s] Level 1:colcon.colcon_core.package_identification:_identify(Code/catkin_ws/src) by extension 'ros'
[0.514s] Level 1:colcon.colcon_core.package_identification:_identify(Code/catkin_ws/src) by extensions ['cmake', 'python']
[0.514s] Level 1:colcon.colcon_core.package_identification:_identify(Code/catkin_ws/src) by extension 'cmake'
[0.518s] WARNING:colcon.colcon_cmake.package_identification.cmake:Ignoring 'Code/catkin_ws/src/CMakeLists.txt' since it seems to be a toplevel CMake file generated by 'catkin_make'
[0.518s] Level 1:colcon.colcon_core.package_identification:_identify(Code/catkin_ws/src) by extension 'python'
[0.518s] Level 1:colcon.colcon_core.package_identification:_identify(Code/catkin_ws/src) by extensions ['python_setup_py']
[0.518s] Level 1:colcon.colcon_core.package_identification:_identify(Code/catkin_ws/src) by extension 'python_setup_py'
[0.518s] Level 1:colcon.colcon_core.package_identification:_identify(Code/catkin_ws/src/arm_action_group) by extensions ['ignore', 'ignore_ament_install']
[0.518s] Level 1:colcon.colcon_core.package_identification:_identify(Code/catkin_ws/src/arm_action_group) by extension 'ignore'
[0.518s] Level 1:colcon.colcon_core.package_identification:_identify(Code/catkin_ws/src/arm_action_group) by extension 'ignore_ament_install'
[0.518s] Level 1:colcon.colcon_core.package_identification:_identify(Code/catkin_ws/src/arm_action_group) by extensions ['colcon_pkg']
[0.518s] Level 1:colcon.colcon_core.package_identification:_identify(Code/catkin_ws/src/arm_action_group) by extension 'colcon_pkg'
[0.518s] Level 1:colcon.colcon_core.package_identification:_identify(Code/catkin_ws/src/arm_action_group) by extensions ['colcon_meta']
[0.518s] Level 1:colcon.colcon_core.package_identification:_identify(Code/catkin_ws/src/arm_action_group) by extension 'colcon_meta'
[0.518s] Level 1:colcon.colcon_core.package_identification:_identify(Code/catkin_ws/src/arm_action_group) by extensions ['ros']
[0.518s] Level 1:colcon.colcon_core.package_identification:_identify(Code/catkin_ws/src/arm_action_group) by extension 'ros'
[0.518s] Level 1:colcon.colcon_core.package_identification:_identify(Code/catkin_ws/src/arm_action_group) by extensions ['cmake', 'python']
[0.518s] Level 1:colcon.colcon_core.package_identification:_identify(Code/catkin_ws/src/arm_action_group) by extension 'cmake'
[0.518s] Level 1:colcon.colcon_core.package_identification:_identify(Code/catkin_ws/src/arm_action_group) by extension 'python'
[0.518s] Level 1:colcon.colcon_core.package_identification:_identify(Code/catkin_ws/src/arm_action_group) by extensions ['python_setup_py']
[0.518s] Level 1:colcon.colcon_core.package_identification:_identify(Code/catkin_ws/src/arm_action_group) by extension 'python_setup_py'
[0.518s] Level 1:colcon.colcon_core.package_identification:_identify(Code/catkin_ws/src/arm_action_group/__pycache__) by extensions ['ignore', 'ignore_ament_install']
[0.519s] Level 1:colcon.colcon_core.package_identification:_identify(Code/catkin_ws/src/arm_action_group/__pycache__) by extension 'ignore'
[0.519s] Level 1:colcon.colcon_core.package_identification:_identify(Code/catkin_ws/src/arm_action_group/__pycache__) by extension 'ignore_ament_install'
[0.519s] Level 1:colcon.colcon_core.package_identification:_identify(Code/catkin_ws/src/arm_action_group/__pycache__) by extensions ['colcon_pkg']
[0.519s] Level 1:colcon.colcon_core.package_identification:_identify(Code/catkin_ws/src/arm_action_group/__pycache__) by extension 'colcon_pkg'
[0.519s] Level 1:colcon.colcon_core.package_identification:_identify(Code/catkin_ws/src/arm_action_group/__pycache__) by extensions ['colcon_meta']
[0.519s] Level 1:colcon.colcon_core.package_identification:_identify(Code/catkin_ws/src/arm_action_group/__pycache__) by extension 'colcon_meta'
[0.519s] Level 1:colcon.colcon_core.package_identification:_identify(Code/catkin_ws/src/arm_action_group/__pycache__) by extensions ['ros']
[0.519s] Level 1:colcon.colcon_core.package_identification:_identify(Code/catkin_ws/src/arm_action_group/__pycache__) by extension 'ros'
[0.519s] Level 1:colcon.colcon_core.package_identification:_identify(Code/catkin_ws/src/arm_action_group/__pycache__) by extensions ['cmake', 'python']
[0.519s] Level 1:colcon.colcon_core.package_identification:_identify(Code/catkin_ws/src/arm_action_group/__pycache__) by extension 'cmake'
[0.519s] Level 1:colcon.colcon_core.package_identification:_identify(Code/catkin_ws/src/arm_action_group/__pycache__) by extension 'python'
[0.519s] Level 1:colcon.colcon_core.package_identification:_identify(Code/catkin_ws/src/arm_action_group/__pycache__) by extensions ['python_setup_py']
[0.519s] Level 1:colcon.colcon_core.package_identification:_identify(Code/catkin_ws/src/arm_action_group/__pycache__) by extension 'python_setup_py'
[0.519s] Level 1:colcon.colcon_core.package_identification:_identify(Code/catkin_ws/src/arm_color_follow) by extensions ['ignore', 'ignore_ament_install']
[0.519s] Level 1:colcon.colcon_core.package_identification:_identify(Code/catkin_ws/src/arm_color_follow) by extension 'ignore'
[0.519s] Level 1:colcon.colcon_core.package_identification:_identify(Code/catkin_ws/src/arm_color_follow) by extension 'ignore_ament_install'
[0.519s] Level 1:colcon.colcon_core.package_identification:_identify(Code/catkin_ws/src/arm_color_follow) by extensions ['colcon_pkg']
[0.519s] Level 1:colcon.colcon_core.package_identification:_identify(Code/catkin_ws/src/arm_color_follow) by extension 'colcon_pkg'
[0.519s] Level 1:colcon.colcon_core.package_identification:_identify(Code/catkin_ws/src/arm_color_follow) by extensions ['colcon_meta']
[0.519s] Level 1:colcon.colcon_core.package_identification:_identify(Code/catkin_ws/src/arm_color_follow) by extension 'colcon_meta'
[0.519s] Level 1:colcon.colcon_core.package_identification:_identify(Code/catkin_ws/src/arm_color_follow) by extensions ['ros']
[0.519s] Level 1:colcon.colcon_core.package_identification:_identify(Code/catkin_ws/src/arm_color_follow) by extension 'ros'
[0.519s] Level 1:colcon.colcon_core.package_identification:_identify(Code/catkin_ws/src/arm_color_follow) by extensions ['cmake', 'python']
[0.519s] Level 1:colcon.colcon_core.package_identification:_identify(Code/catkin_ws/src/arm_color_follow) by extension 'cmake'
[0.519s] Level 1:colcon.colcon_core.package_identification:_identify(Code/catkin_ws/src/arm_color_follow) by extension 'python'
[0.519s] Level 1:colcon.colcon_core.package_identification:_identify(Code/catkin_ws/src/arm_color_follow) by extensions ['python_setup_py']
[0.519s] Level 1:colcon.colcon_core.package_identification:_identify(Code/catkin_ws/src/arm_color_follow) by extension 'python_setup_py'
[0.520s] Level 1:colcon.colcon_core.package_identification:_identify(Code/catkin_ws/src/arm_color_follow/__pycache__) by extensions ['ignore', 'ignore_ament_install']
[0.520s] Level 1:colcon.colcon_core.package_identification:_identify(Code/catkin_ws/src/arm_color_follow/__pycache__) by extension 'ignore'
[0.520s] Level 1:colcon.colcon_core.package_identification:_identify(Code/catkin_ws/src/arm_color_follow/__pycache__) by extension 'ignore_ament_install'
[0.520s] Level 1:colcon.colcon_core.package_identification:_identify(Code/catkin_ws/src/arm_color_follow/__pycache__) by extensions ['colcon_pkg']
[0.520s] Level 1:colcon.colcon_core.package_identification:_identify(Code/catkin_ws/src/arm_color_follow/__pycache__) by extension 'colcon_pkg'
[0.520s] Level 1:colcon.colcon_core.package_identification:_identify(Code/catkin_ws/src/arm_color_follow/__pycache__) by extensions ['colcon_meta']
[0.520s] Level 1:colcon.colcon_core.package_identification:_identify(Code/catkin_ws/src/arm_color_follow/__pycache__) by extension 'colcon_meta'
[0.520s] Level 1:colcon.colcon_core.package_identification:_identify(Code/catkin_ws/src/arm_color_follow/__pycache__) by extensions ['ros']
[0.520s] Level 1:colcon.colcon_core.package_identification:_identify(Code/catkin_ws/src/arm_color_follow/__pycache__) by extension 'ros'
[0.520s] Level 1:colcon.colcon_core.package_identification:_identify(Code/catkin_ws/src/arm_color_follow/__pycache__) by extensions ['cmake', 'python']
[0.520s] Level 1:colcon.colcon_core.package_identification:_identify(Code/catkin_ws/src/arm_color_follow/__pycache__) by extension 'cmake'
[0.520s] Level 1:colcon.colcon_core.package_identification:_identify(Code/catkin_ws/src/arm_color_follow/__pycache__) by extension 'python'
[0.520s] Level 1:colcon.colcon_core.package_identification:_identify(Code/catkin_ws/src/arm_color_follow/__pycache__) by extensions ['python_setup_py']
[0.520s] Level 1:colcon.colcon_core.package_identification:_identify(Code/catkin_ws/src/arm_color_follow/__pycache__) by extension 'python_setup_py'
[0.520s] Level 1:colcon.colcon_core.package_identification:_identify(Code/catkin_ws/src/arm_color_grab) by extensions ['ignore', 'ignore_ament_install']
[0.520s] Level 1:colcon.colcon_core.package_identification:_identify(Code/catkin_ws/src/arm_color_grab) by extension 'ignore'
[0.520s] Level 1:colcon.colcon_core.package_identification:_identify(Code/catkin_ws/src/arm_color_grab) by extension 'ignore_ament_install'
[0.520s] Level 1:colcon.colcon_core.package_identification:_identify(Code/catkin_ws/src/arm_color_grab) by extensions ['colcon_pkg']
[0.520s] Level 1:colcon.colcon_core.package_identification:_identify(Code/catkin_ws/src/arm_color_grab) by extension 'colcon_pkg'
[0.520s] Level 1:colcon.colcon_core.package_identification:_identify(Code/catkin_ws/src/arm_color_grab) by extensions ['colcon_meta']
[0.520s] Level 1:colcon.colcon_core.package_identification:_identify(Code/catkin_ws/src/arm_color_grab) by extension 'colcon_meta'
[0.521s] Level 1:colcon.colcon_core.package_identification:_identify(Code/catkin_ws/src/arm_color_grab) by extensions ['ros']
[0.521s] Level 1:colcon.colcon_core.package_identification:_identify(Code/catkin_ws/src/arm_color_grab) by extension 'ros'
[0.521s] Level 1:colcon.colcon_core.package_identification:_identify(Code/catkin_ws/src/arm_color_grab) by extensions ['cmake', 'python']
[0.521s] Level 1:colcon.colcon_core.package_identification:_identify(Code/catkin_ws/src/arm_color_grab) by extension 'cmake'
[0.521s] Level 1:colcon.colcon_core.package_identification:_identify(Code/catkin_ws/src/arm_color_grab) by extension 'python'
[0.521s] Level 1:colcon.colcon_core.package_identification:_identify(Code/catkin_ws/src/arm_color_grab) by extensions ['python_setup_py']
[0.521s] Level 1:colcon.colcon_core.package_identification:_identify(Code/catkin_ws/src/arm_color_grab) by extension 'python_setup_py'
[0.521s] Level 1:colcon.colcon_core.package_identification:_identify(Code/catkin_ws/src/arm_color_grab/__pycache__) by extensions ['ignore', 'ignore_ament_install']
[0.521s] Level 1:colcon.colcon_core.package_identification:_identify(Code/catkin_ws/src/arm_color_grab/__pycache__) by extension 'ignore'
[0.521s] Level 1:colcon.colcon_core.package_identification:_identify(Code/catkin_ws/src/arm_color_grab/__pycache__) by extension 'ignore_ament_install'
[0.521s] Level 1:colcon.colcon_core.package_identification:_identify(Code/catkin_ws/src/arm_color_grab/__pycache__) by extensions ['colcon_pkg']
[0.521s] Level 1:colcon.colcon_core.package_identification:_identify(Code/catkin_ws/src/arm_color_grab/__pycache__) by extension 'colcon_pkg'
[0.521s] Level 1:colcon.colcon_core.package_identification:_identify(Code/catkin_ws/src/arm_color_grab/__pycache__) by extensions ['colcon_meta']
[0.521s] Level 1:colcon.colcon_core.package_identification:_identify(Code/catkin_ws/src/arm_color_grab/__pycache__) by extension 'colcon_meta'
[0.521s] Level 1:colcon.colcon_core.package_identification:_identify(Code/catkin_ws/src/arm_color_grab/__pycache__) by extensions ['ros']
[0.521s] Level 1:colcon.colcon_core.package_identification:_identify(Code/catkin_ws/src/arm_color_grab/__pycache__) by extension 'ros'
[0.521s] Level 1:colcon.colcon_core.package_identification:_identify(Code/catkin_ws/src/arm_color_grab/__pycache__) by extensions ['cmake', 'python']
[0.521s] Level 1:colcon.colcon_core.package_identification:_identify(Code/catkin_ws/src/arm_color_grab/__pycache__) by extension 'cmake'
[0.521s] Level 1:colcon.colcon_core.package_identification:_identify(Code/catkin_ws/src/arm_color_grab/__pycache__) by extension 'python'
[0.521s] Level 1:colcon.colcon_core.package_identification:_identify(Code/catkin_ws/src/arm_color_grab/__pycache__) by extensions ['python_setup_py']
[0.521s] Level 1:colcon.colcon_core.package_identification:_identify(Code/catkin_ws/src/arm_color_grab/__pycache__) by extension 'python_setup_py'
[0.521s] Level 1:colcon.colcon_core.package_identification:_identify(Code/catkin_ws/src/arm_color_identify) by extensions ['ignore', 'ignore_ament_install']
[0.522s] Level 1:colcon.colcon_core.package_identification:_identify(Code/catkin_ws/src/arm_color_identify) by extension 'ignore'
[0.522s] Level 1:colcon.colcon_core.package_identification:_identify(Code/catkin_ws/src/arm_color_identify) by extension 'ignore_ament_install'
[0.522s] Level 1:colcon.colcon_core.package_identification:_identify(Code/catkin_ws/src/arm_color_identify) by extensions ['colcon_pkg']
[0.522s] Level 1:colcon.colcon_core.package_identification:_identify(Code/catkin_ws/src/arm_color_identify) by extension 'colcon_pkg'
[0.522s] Level 1:colcon.colcon_core.package_identification:_identify(Code/catkin_ws/src/arm_color_identify) by extensions ['colcon_meta']
[0.522s] Level 1:colcon.colcon_core.package_identification:_identify(Code/catkin_ws/src/arm_color_identify) by extension 'colcon_meta'
[0.522s] Level 1:colcon.colcon_core.package_identification:_identify(Code/catkin_ws/src/arm_color_identify) by extensions ['ros']
[0.522s] Level 1:colcon.colcon_core.package_identification:_identify(Code/catkin_ws/src/arm_color_identify) by extension 'ros'
[0.524s] DEBUG:colcon.colcon_core.package_identification:Package 'Code/catkin_ws/src/arm_color_identify' with type 'ros.catkin' and name 'arm_color_identify'
[0.524s] Level 1:colcon.colcon_core.package_identification:_identify(Code/catkin_ws/src/arm_color_sorting) by extensions ['ignore', 'ignore_ament_install']
[0.524s] Level 1:colcon.colcon_core.package_identification:_identify(Code/catkin_ws/src/arm_color_sorting) by extension 'ignore'
[0.524s] Level 1:colcon.colcon_core.package_identification:_identify(Code/catkin_ws/src/arm_color_sorting) by extension 'ignore_ament_install'
[0.524s] Level 1:colcon.colcon_core.package_identification:_identify(Code/catkin_ws/src/arm_color_sorting) by extensions ['colcon_pkg']
[0.524s] Level 1:colcon.colcon_core.package_identification:_identify(Code/catkin_ws/src/arm_color_sorting) by extension 'colcon_pkg'
[0.524s] Level 1:colcon.colcon_core.package_identification:_identify(Code/catkin_ws/src/arm_color_sorting) by extensions ['colcon_meta']
[0.524s] Level 1:colcon.colcon_core.package_identification:_identify(Code/catkin_ws/src/arm_color_sorting) by extension 'colcon_meta'
[0.524s] Level 1:colcon.colcon_core.package_identification:_identify(Code/catkin_ws/src/arm_color_sorting) by extensions ['ros']
[0.524s] Level 1:colcon.colcon_core.package_identification:_identify(Code/catkin_ws/src/arm_color_sorting) by extension 'ros'
[0.524s] Level 1:colcon.colcon_core.package_identification:_identify(Code/catkin_ws/src/arm_color_sorting) by extensions ['cmake', 'python']
[0.524s] Level 1:colcon.colcon_core.package_identification:_identify(Code/catkin_ws/src/arm_color_sorting) by extension 'cmake'
[0.524s] Level 1:colcon.colcon_core.package_identification:_identify(Code/catkin_ws/src/arm_color_sorting) by extension 'python'
[0.524s] Level 1:colcon.colcon_core.package_identification:_identify(Code/catkin_ws/src/arm_color_sorting) by extensions ['python_setup_py']
[0.524s] Level 1:colcon.colcon_core.package_identification:_identify(Code/catkin_ws/src/arm_color_sorting) by extension 'python_setup_py'
[0.525s] Level 1:colcon.colcon_core.package_identification:_identify(Code/catkin_ws/src/arm_color_sorting/__pycache__) by extensions ['ignore', 'ignore_ament_install']
[0.525s] Level 1:colcon.colcon_core.package_identification:_identify(Code/catkin_ws/src/arm_color_sorting/__pycache__) by extension 'ignore'
[0.525s] Level 1:colcon.colcon_core.package_identification:_identify(Code/catkin_ws/src/arm_color_sorting/__pycache__) by extension 'ignore_ament_install'
[0.525s] Level 1:colcon.colcon_core.package_identification:_identify(Code/catkin_ws/src/arm_color_sorting/__pycache__) by extensions ['colcon_pkg']
[0.525s] Level 1:colcon.colcon_core.package_identification:_identify(Code/catkin_ws/src/arm_color_sorting/__pycache__) by extension 'colcon_pkg'
[0.525s] Level 1:colcon.colcon_core.package_identification:_identify(Code/catkin_ws/src/arm_color_sorting/__pycache__) by extensions ['colcon_meta']
[0.525s] Level 1:colcon.colcon_core.package_identification:_identify(Code/catkin_ws/src/arm_color_sorting/__pycache__) by extension 'colcon_meta'
[0.525s] Level 1:colcon.colcon_core.package_identification:_identify(Code/catkin_ws/src/arm_color_sorting/__pycache__) by extensions ['ros']
[0.525s] Level 1:colcon.colcon_core.package_identification:_identify(Code/catkin_ws/src/arm_color_sorting/__pycache__) by extension 'ros'
[0.525s] Level 1:colcon.colcon_core.package_identification:_identify(Code/catkin_ws/src/arm_color_sorting/__pycache__) by extensions ['cmake', 'python']
[0.525s] Level 1:colcon.colcon_core.package_identification:_identify(Code/catkin_ws/src/arm_color_sorting/__pycache__) by extension 'cmake'
[0.525s] Level 1:colcon.colcon_core.package_identification:_identify(Code/catkin_ws/src/arm_color_sorting/__pycache__) by extension 'python'
[0.525s] Level 1:colcon.colcon_core.package_identification:_identify(Code/catkin_ws/src/arm_color_sorting/__pycache__) by extensions ['python_setup_py']
[0.525s] Level 1:colcon.colcon_core.package_identification:_identify(Code/catkin_ws/src/arm_color_sorting/__pycache__) by extension 'python_setup_py'
[0.525s] Level 1:colcon.colcon_core.package_identification:_identify(Code/catkin_ws/src/arm_color_stacking) by extensions ['ignore', 'ignore_ament_install']
[0.525s] Level 1:colcon.colcon_core.package_identification:_identify(Code/catkin_ws/src/arm_color_stacking) by extension 'ignore'
[0.525s] Level 1:colcon.colcon_core.package_identification:_identify(Code/catkin_ws/src/arm_color_stacking) by extension 'ignore_ament_install'
[0.525s] Level 1:colcon.colcon_core.package_identification:_identify(Code/catkin_ws/src/arm_color_stacking) by extensions ['colcon_pkg']
[0.525s] Level 1:colcon.colcon_core.package_identification:_identify(Code/catkin_ws/src/arm_color_stacking) by extension 'colcon_pkg'
[0.525s] Level 1:colcon.colcon_core.package_identification:_identify(Code/catkin_ws/src/arm_color_stacking) by extensions ['colcon_meta']
[0.525s] Level 1:colcon.colcon_core.package_identification:_identify(Code/catkin_ws/src/arm_color_stacking) by extension 'colcon_meta'
[0.525s] Level 1:colcon.colcon_core.package_identification:_identify(Code/catkin_ws/src/arm_color_stacking) by extensions ['ros']
[0.525s] Level 1:colcon.colcon_core.package_identification:_identify(Code/catkin_ws/src/arm_color_stacking) by extension 'ros'
[0.526s] DEBUG:colcon.colcon_core.package_identification:Package 'Code/catkin_ws/src/arm_color_stacking' with type 'ros.catkin' and name 'arm_color_stacking'
[0.526s] Level 1:colcon.colcon_core.package_identification:_identify(Code/catkin_ws/src/arm_face_follow) by extensions ['ignore', 'ignore_ament_install']
[0.526s] Level 1:colcon.colcon_core.package_identification:_identify(Code/catkin_ws/src/arm_face_follow) by extension 'ignore'
[0.526s] Level 1:colcon.colcon_core.package_identification:_identify(Code/catkin_ws/src/arm_face_follow) by extension 'ignore_ament_install'
[0.526s] Level 1:colcon.colcon_core.package_identification:_identify(Code/catkin_ws/src/arm_face_follow) by extensions ['colcon_pkg']
[0.526s] Level 1:colcon.colcon_core.package_identification:_identify(Code/catkin_ws/src/arm_face_follow) by extension 'colcon_pkg'
[0.527s] Level 1:colcon.colcon_core.package_identification:_identify(Code/catkin_ws/src/arm_face_follow) by extensions ['colcon_meta']
[0.527s] Level 1:colcon.colcon_core.package_identification:_identify(Code/catkin_ws/src/arm_face_follow) by extension 'colcon_meta'
[0.527s] Level 1:colcon.colcon_core.package_identification:_identify(Code/catkin_ws/src/arm_face_follow) by extensions ['ros']
[0.527s] Level 1:colcon.colcon_core.package_identification:_identify(Code/catkin_ws/src/arm_face_follow) by extension 'ros'
[0.527s] Level 1:colcon.colcon_core.package_identification:_identify(Code/catkin_ws/src/arm_face_follow) by extensions ['cmake', 'python']
[0.527s] Level 1:colcon.colcon_core.package_identification:_identify(Code/catkin_ws/src/arm_face_follow) by extension 'cmake'
[0.527s] Level 1:colcon.colcon_core.package_identification:_identify(Code/catkin_ws/src/arm_face_follow) by extension 'python'
[0.527s] Level 1:colcon.colcon_core.package_identification:_identify(Code/catkin_ws/src/arm_face_follow) by extensions ['python_setup_py']
[0.527s] Level 1:colcon.colcon_core.package_identification:_identify(Code/catkin_ws/src/arm_face_follow) by extension 'python_setup_py'
[0.527s] Level 1:colcon.colcon_core.package_identification:_identify(Code/catkin_ws/src/arm_face_follow/__pycache__) by extensions ['ignore', 'ignore_ament_install']
[0.527s] Level 1:colcon.colcon_core.package_identification:_identify(Code/catkin_ws/src/arm_face_follow/__pycache__) by extension 'ignore'
[0.527s] Level 1:colcon.colcon_core.package_identification:_identify(Code/catkin_ws/src/arm_face_follow/__pycache__) by extension 'ignore_ament_install'
[0.527s] Level 1:colcon.colcon_core.package_identification:_identify(Code/catkin_ws/src/arm_face_follow/__pycache__) by extensions ['colcon_pkg']
[0.527s] Level 1:colcon.colcon_core.package_identification:_identify(Code/catkin_ws/src/arm_face_follow/__pycache__) by extension 'colcon_pkg'
[0.527s] Level 1:colcon.colcon_core.package_identification:_identify(Code/catkin_ws/src/arm_face_follow/__pycache__) by extensions ['colcon_meta']
[0.527s] Level 1:colcon.colcon_core.package_identification:_identify(Code/catkin_ws/src/arm_face_follow/__pycache__) by extension 'colcon_meta'
[0.527s] Level 1:colcon.colcon_core.package_identification:_identify(Code/catkin_ws/src/arm_face_follow/__pycache__) by extensions ['ros']
[0.527s] Level 1:colcon.colcon_core.package_identification:_identify(Code/catkin_ws/src/arm_face_follow/__pycache__) by extension 'ros'
[0.527s] Level 1:colcon.colcon_core.package_identification:_identify(Code/catkin_ws/src/arm_face_follow/__pycache__) by extensions ['cmake', 'python']
[0.527s] Level 1:colcon.colcon_core.package_identification:_identify(Code/catkin_ws/src/arm_face_follow/__pycache__) by extension 'cmake'
[0.527s] Level 1:colcon.colcon_core.package_identification:_identify(Code/catkin_ws/src/arm_face_follow/__pycache__) by extension 'python'
[0.527s] Level 1:colcon.colcon_core.package_identification:_identify(Code/catkin_ws/src/arm_face_follow/__pycache__) by extensions ['python_setup_py']
[0.528s] Level 1:colcon.colcon_core.package_identification:_identify(Code/catkin_ws/src/arm_face_follow/__pycache__) by extension 'python_setup_py'
[0.528s] Level 1:colcon.colcon_core.package_identification:_identify(Code/catkin_ws/src/arm_garbage_identify) by extensions ['ignore', 'ignore_ament_install']
[0.528s] Level 1:colcon.colcon_core.package_identification:_identify(Code/catkin_ws/src/arm_garbage_identify) by extension 'ignore'
[0.528s] Level 1:colcon.colcon_core.package_identification:_identify(Code/catkin_ws/src/arm_garbage_identify) by extension 'ignore_ament_install'
[0.528s] Level 1:colcon.colcon_core.package_identification:_identify(Code/catkin_ws/src/arm_garbage_identify) by extensions ['colcon_pkg']
[0.528s] Level 1:colcon.colcon_core.package_identification:_identify(Code/catkin_ws/src/arm_garbage_identify) by extension 'colcon_pkg'
[0.528s] Level 1:colcon.colcon_core.package_identification:_identify(Code/catkin_ws/src/arm_garbage_identify) by extensions ['colcon_meta']
[0.528s] Level 1:colcon.colcon_core.package_identification:_identify(Code/catkin_ws/src/arm_garbage_identify) by extension 'colcon_meta'
[0.528s] Level 1:colcon.colcon_core.package_identification:_identify(Code/catkin_ws/src/arm_garbage_identify) by extensions ['ros']
[0.528s] Level 1:colcon.colcon_core.package_identification:_identify(Code/catkin_ws/src/arm_garbage_identify) by extension 'ros'
[0.529s] DEBUG:colcon.colcon_core.package_identification:Package 'Code/catkin_ws/src/arm_garbage_identify' with type 'ros.catkin' and name 'arm_garbage_identify'
[0.529s] Level 1:colcon.colcon_core.package_identification:_identify(Code/catkin_ws/src/arm_gesture_action) by extensions ['ignore', 'ignore_ament_install']
[0.529s] Level 1:colcon.colcon_core.package_identification:_identify(Code/catkin_ws/src/arm_gesture_action) by extension 'ignore'
[0.529s] Level 1:colcon.colcon_core.package_identification:_identify(Code/catkin_ws/src/arm_gesture_action) by extension 'ignore_ament_install'
[0.529s] Level 1:colcon.colcon_core.package_identification:_identify(Code/catkin_ws/src/arm_gesture_action) by extensions ['colcon_pkg']
[0.529s] Level 1:colcon.colcon_core.package_identification:_identify(Code/catkin_ws/src/arm_gesture_action) by extension 'colcon_pkg'
[0.529s] Level 1:colcon.colcon_core.package_identification:_identify(Code/catkin_ws/src/arm_gesture_action) by extensions ['colcon_meta']
[0.529s] Level 1:colcon.colcon_core.package_identification:_identify(Code/catkin_ws/src/arm_gesture_action) by extension 'colcon_meta'
[0.529s] Level 1:colcon.colcon_core.package_identification:_identify(Code/catkin_ws/src/arm_gesture_action) by extensions ['ros']
[0.529s] Level 1:colcon.colcon_core.package_identification:_identify(Code/catkin_ws/src/arm_gesture_action) by extension 'ros'
[0.529s] Level 1:colcon.colcon_core.package_identification:_identify(Code/catkin_ws/src/arm_gesture_action) by extensions ['cmake', 'python']
[0.529s] Level 1:colcon.colcon_core.package_identification:_identify(Code/catkin_ws/src/arm_gesture_action) by extension 'cmake'
[0.529s] Level 1:colcon.colcon_core.package_identification:_identify(Code/catkin_ws/src/arm_gesture_action) by extension 'python'
[0.529s] Level 1:colcon.colcon_core.package_identification:_identify(Code/catkin_ws/src/arm_gesture_action) by extensions ['python_setup_py']
[0.529s] Level 1:colcon.colcon_core.package_identification:_identify(Code/catkin_ws/src/arm_gesture_action) by extension 'python_setup_py'
[0.529s] Level 1:colcon.colcon_core.package_identification:_identify(Code/catkin_ws/src/arm_gesture_action/__pycache__) by extensions ['ignore', 'ignore_ament_install']
[0.529s] Level 1:colcon.colcon_core.package_identification:_identify(Code/catkin_ws/src/arm_gesture_action/__pycache__) by extension 'ignore'
[0.530s] Level 1:colcon.colcon_core.package_identification:_identify(Code/catkin_ws/src/arm_gesture_action/__pycache__) by extension 'ignore_ament_install'
[0.530s] Level 1:colcon.colcon_core.package_identification:_identify(Code/catkin_ws/src/arm_gesture_action/__pycache__) by extensions ['colcon_pkg']
[0.530s] Level 1:colcon.colcon_core.package_identification:_identify(Code/catkin_ws/src/arm_gesture_action/__pycache__) by extension 'colcon_pkg'
[0.530s] Level 1:colcon.colcon_core.package_identification:_identify(Code/catkin_ws/src/arm_gesture_action/__pycache__) by extensions ['colcon_meta']
[0.530s] Level 1:colcon.colcon_core.package_identification:_identify(Code/catkin_ws/src/arm_gesture_action/__pycache__) by extension 'colcon_meta'
[0.530s] Level 1:colcon.colcon_core.package_identification:_identify(Code/catkin_ws/src/arm_gesture_action/__pycache__) by extensions ['ros']
[0.530s] Level 1:colcon.colcon_core.package_identification:_identify(Code/catkin_ws/src/arm_gesture_action/__pycache__) by extension 'ros'
[0.530s] Level 1:colcon.colcon_core.package_identification:_identify(Code/catkin_ws/src/arm_gesture_action/__pycache__) by extensions ['cmake', 'python']
[0.530s] Level 1:colcon.colcon_core.package_identification:_identify(Code/catkin_ws/src/arm_gesture_action/__pycache__) by extension 'cmake'
[0.530s] Level 1:colcon.colcon_core.package_identification:_identify(Code/catkin_ws/src/arm_gesture_action/__pycache__) by extension 'python'
[0.530s] Level 1:colcon.colcon_core.package_identification:_identify(Code/catkin_ws/src/arm_gesture_action/__pycache__) by extensions ['python_setup_py']
[0.530s] Level 1:colcon.colcon_core.package_identification:_identify(Code/catkin_ws/src/arm_gesture_action/__pycache__) by extension 'python_setup_py'
[0.530s] Level 1:colcon.colcon_core.package_identification:_identify(Code/catkin_ws/src/arm_gesture_stacking) by extensions ['ignore', 'ignore_ament_install']
[0.530s] Level 1:colcon.colcon_core.package_identification:_identify(Code/catkin_ws/src/arm_gesture_stacking) by extension 'ignore'
[0.530s] Level 1:colcon.colcon_core.package_identification:_identify(Code/catkin_ws/src/arm_gesture_stacking) by extension 'ignore_ament_install'
[0.530s] Level 1:colcon.colcon_core.package_identification:_identify(Code/catkin_ws/src/arm_gesture_stacking) by extensions ['colcon_pkg']
[0.530s] Level 1:colcon.colcon_core.package_identification:_identify(Code/catkin_ws/src/arm_gesture_stacking) by extension 'colcon_pkg'
[0.530s] Level 1:colcon.colcon_core.package_identification:_identify(Code/catkin_ws/src/arm_gesture_stacking) by extensions ['colcon_meta']
[0.530s] Level 1:colcon.colcon_core.package_identification:_identify(Code/catkin_ws/src/arm_gesture_stacking) by extension 'colcon_meta'
[0.530s] Level 1:colcon.colcon_core.package_identification:_identify(Code/catkin_ws/src/arm_gesture_stacking) by extensions ['ros']
[0.530s] Level 1:colcon.colcon_core.package_identification:_identify(Code/catkin_ws/src/arm_gesture_stacking) by extension 'ros'
[0.530s] Level 1:colcon.colcon_core.package_identification:_identify(Code/catkin_ws/src/arm_gesture_stacking) by extensions ['cmake', 'python']
[0.531s] Level 1:colcon.colcon_core.package_identification:_identify(Code/catkin_ws/src/arm_gesture_stacking) by extension 'cmake'
[0.531s] Level 1:colcon.colcon_core.package_identification:_identify(Code/catkin_ws/src/arm_gesture_stacking) by extension 'python'
[0.531s] Level 1:colcon.colcon_core.package_identification:_identify(Code/catkin_ws/src/arm_gesture_stacking) by extensions ['python_setup_py']
[0.531s] Level 1:colcon.colcon_core.package_identification:_identify(Code/catkin_ws/src/arm_gesture_stacking) by extension 'python_setup_py'
[0.531s] Level 1:colcon.colcon_core.package_identification:_identify(Code/catkin_ws/src/arm_gesture_stacking/__pycache__) by extensions ['ignore', 'ignore_ament_install']
[0.531s] Level 1:colcon.colcon_core.package_identification:_identify(Code/catkin_ws/src/arm_gesture_stacking/__pycache__) by extension 'ignore'
[0.531s] Level 1:colcon.colcon_core.package_identification:_identify(Code/catkin_ws/src/arm_gesture_stacking/__pycache__) by extension 'ignore_ament_install'
[0.531s] Level 1:colcon.colcon_core.package_identification:_identify(Code/catkin_ws/src/arm_gesture_stacking/__pycache__) by extensions ['colcon_pkg']
[0.531s] Level 1:colcon.colcon_core.package_identification:_identify(Code/catkin_ws/src/arm_gesture_stacking/__pycache__) by extension 'colcon_pkg'
[0.531s] Level 1:colcon.colcon_core.package_identification:_identify(Code/catkin_ws/src/arm_gesture_stacking/__pycache__) by extensions ['colcon_meta']
[0.531s] Level 1:colcon.colcon_core.package_identification:_identify(Code/catkin_ws/src/arm_gesture_stacking/__pycache__) by extension 'colcon_meta'
[0.531s] Level 1:colcon.colcon_core.package_identification:_identify(Code/catkin_ws/src/arm_gesture_stacking/__pycache__) by extensions ['ros']
[0.531s] Level 1:colcon.colcon_core.package_identification:_identify(Code/catkin_ws/src/arm_gesture_stacking/__pycache__) by extension 'ros'
[0.531s] Level 1:colcon.colcon_core.package_identification:_identify(Code/catkin_ws/src/arm_gesture_stacking/__pycache__) by extensions ['cmake', 'python']
[0.531s] Level 1:colcon.colcon_core.package_identification:_identify(Code/catkin_ws/src/arm_gesture_stacking/__pycache__) by extension 'cmake'
[0.531s] Level 1:colcon.colcon_core.package_identification:_identify(Code/catkin_ws/src/arm_gesture_stacking/__pycache__) by extension 'python'
[0.531s] Level 1:colcon.colcon_core.package_identification:_identify(Code/catkin_ws/src/arm_gesture_stacking/__pycache__) by extensions ['python_setup_py']
[0.531s] Level 1:colcon.colcon_core.package_identification:_identify(Code/catkin_ws/src/arm_gesture_stacking/__pycache__) by extension 'python_setup_py'
[0.531s] Level 1:colcon.colcon_core.package_identification:_identify(Code/catkin_ws/src/arm_info) by extensions ['ignore', 'ignore_ament_install']
[0.532s] Level 1:colcon.colcon_core.package_identification:_identify(Code/catkin_ws/src/arm_info) by extension 'ignore'
[0.532s] Level 1:colcon.colcon_core.package_identification:_identify(Code/catkin_ws/src/arm_info) by extension 'ignore_ament_install'
[0.532s] Level 1:colcon.colcon_core.package_identification:_identify(Code/catkin_ws/src/arm_info) by extensions ['colcon_pkg']
[0.532s] Level 1:colcon.colcon_core.package_identification:_identify(Code/catkin_ws/src/arm_info) by extension 'colcon_pkg'
[0.532s] Level 1:colcon.colcon_core.package_identification:_identify(Code/catkin_ws/src/arm_info) by extensions ['colcon_meta']
[0.532s] Level 1:colcon.colcon_core.package_identification:_identify(Code/catkin_ws/src/arm_info) by extension 'colcon_meta'
[0.532s] Level 1:colcon.colcon_core.package_identification:_identify(Code/catkin_ws/src/arm_info) by extensions ['ros']
[0.532s] Level 1:colcon.colcon_core.package_identification:_identify(Code/catkin_ws/src/arm_info) by extension 'ros'
[0.533s] DEBUG:colcon.colcon_core.package_identification:Package 'Code/catkin_ws/src/arm_info' with type 'ros.catkin' and name 'arm_info'
[0.533s] Level 1:colcon.colcon_core.package_identification:_identify(Code/catkin_ws/src/arm_snake_follow) by extensions ['ignore', 'ignore_ament_install']
[0.533s] Level 1:colcon.colcon_core.package_identification:_identify(Code/catkin_ws/src/arm_snake_follow) by extension 'ignore'
[0.533s] Level 1:colcon.colcon_core.package_identification:_identify(Code/catkin_ws/src/arm_snake_follow) by extension 'ignore_ament_install'
[0.533s] Level 1:colcon.colcon_core.package_identification:_identify(Code/catkin_ws/src/arm_snake_follow) by extensions ['colcon_pkg']
[0.533s] Level 1:colcon.colcon_core.package_identification:_identify(Code/catkin_ws/src/arm_snake_follow) by extension 'colcon_pkg'
[0.533s] Level 1:colcon.colcon_core.package_identification:_identify(Code/catkin_ws/src/arm_snake_follow) by extensions ['colcon_meta']
[0.533s] Level 1:colcon.colcon_core.package_identification:_identify(Code/catkin_ws/src/arm_snake_follow) by extension 'colcon_meta'
[0.533s] Level 1:colcon.colcon_core.package_identification:_identify(Code/catkin_ws/src/arm_snake_follow) by extensions ['ros']
[0.533s] Level 1:colcon.colcon_core.package_identification:_identify(Code/catkin_ws/src/arm_snake_follow) by extension 'ros'
[0.534s] DEBUG:colcon.colcon_core.package_identification:Package 'Code/catkin_ws/src/arm_snake_follow' with type 'ros.catkin' and name 'arm_snake_follow'
[0.534s] Level 1:colcon.colcon_core.package_identification:_identify(Code/dofbot_ws) by extensions ['ignore', 'ignore_ament_install']
[0.534s] Level 1:colcon.colcon_core.package_identification:_identify(Code/dofbot_ws) by extension 'ignore'
[0.534s] Level 1:colcon.colcon_core.package_identification:_identify(Code/dofbot_ws) by extension 'ignore_ament_install'
[0.534s] Level 1:colcon.colcon_core.package_identification:_identify(Code/dofbot_ws) by extensions ['colcon_pkg']
[0.534s] Level 1:colcon.colcon_core.package_identification:_identify(Code/dofbot_ws) by extension 'colcon_pkg'
[0.534s] Level 1:colcon.colcon_core.package_identification:_identify(Code/dofbot_ws) by extensions ['colcon_meta']
[0.534s] Level 1:colcon.colcon_core.package_identification:_identify(Code/dofbot_ws) by extension 'colcon_meta'
[0.534s] Level 1:colcon.colcon_core.package_identification:_identify(Code/dofbot_ws) by extensions ['ros']
[0.535s] Level 1:colcon.colcon_core.package_identification:_identify(Code/dofbot_ws) by extension 'ros'
[0.535s] Level 1:colcon.colcon_core.package_identification:_identify(Code/dofbot_ws) by extensions ['cmake', 'python']
[0.535s] Level 1:colcon.colcon_core.package_identification:_identify(Code/dofbot_ws) by extension 'cmake'
[0.535s] Level 1:colcon.colcon_core.package_identification:_identify(Code/dofbot_ws) by extension 'python'
[0.535s] Level 1:colcon.colcon_core.package_identification:_identify(Code/dofbot_ws) by extensions ['python_setup_py']
[0.535s] Level 1:colcon.colcon_core.package_identification:_identify(Code/dofbot_ws) by extension 'python_setup_py'
[0.535s] Level 1:colcon.colcon_core.package_identification:_identify(Code/dofbot_ws/build) by extensions ['ignore', 'ignore_ament_install']
[0.535s] Level 1:colcon.colcon_core.package_identification:_identify(Code/dofbot_ws/build) by extension 'ignore'
[0.535s] Level 1:colcon.colcon_core.package_identification:_identify(Code/dofbot_ws/build) by extension 'ignore_ament_install'
[0.535s] Level 1:colcon.colcon_core.package_identification:_identify(Code/dofbot_ws/build) by extensions ['colcon_pkg']
[0.535s] Level 1:colcon.colcon_core.package_identification:_identify(Code/dofbot_ws/build) by extension 'colcon_pkg'
[0.535s] Level 1:colcon.colcon_core.package_identification:_identify(Code/dofbot_ws/build) by extensions ['colcon_meta']
[0.535s] Level 1:colcon.colcon_core.package_identification:_identify(Code/dofbot_ws/build) by extension 'colcon_meta'
[0.536s] Level 1:colcon.colcon_core.package_identification:_identify(Code/dofbot_ws/build) by extensions ['ros']
[0.536s] Level 1:colcon.colcon_core.package_identification:_identify(Code/dofbot_ws/build) by extension 'ros'
[0.536s] Level 1:colcon.colcon_core.package_identification:_identify(Code/dofbot_ws/build) ignored
[0.536s] Level 1:colcon.colcon_core.package_identification:_identify(Code/dofbot_ws/devel) by extensions ['ignore', 'ignore_ament_install']
[0.536s] Level 1:colcon.colcon_core.package_identification:_identify(Code/dofbot_ws/devel) by extension 'ignore'
[0.536s] Level 1:colcon.colcon_core.package_identification:_identify(Code/dofbot_ws/devel) by extension 'ignore_ament_install'
[0.536s] Level 1:colcon.colcon_core.package_identification:_identify(Code/dofbot_ws/devel) ignored
[0.536s] Level 1:colcon.colcon_core.package_identification:_identify(Code/dofbot_ws/src) by extensions ['ignore', 'ignore_ament_install']
[0.537s] Level 1:colcon.colcon_core.package_identification:_identify(Code/dofbot_ws/src) by extension 'ignore'
[0.537s] Level 1:colcon.colcon_core.package_identification:_identify(Code/dofbot_ws/src) by extension 'ignore_ament_install'
[0.537s] Level 1:colcon.colcon_core.package_identification:_identify(Code/dofbot_ws/src) by extensions ['colcon_pkg']
[0.537s] Level 1:colcon.colcon_core.package_identification:_identify(Code/dofbot_ws/src) by extension 'colcon_pkg'
[0.537s] Level 1:colcon.colcon_core.package_identification:_identify(Code/dofbot_ws/src) by extensions ['colcon_meta']
[0.537s] Level 1:colcon.colcon_core.package_identification:_identify(Code/dofbot_ws/src) by extension 'colcon_meta'
[0.537s] Level 1:colcon.colcon_core.package_identification:_identify(Code/dofbot_ws/src) by extensions ['ros']
[0.537s] Level 1:colcon.colcon_core.package_identification:_identify(Code/dofbot_ws/src) by extension 'ros'
[0.537s] Level 1:colcon.colcon_core.package_identification:_identify(Code/dofbot_ws/src) by extensions ['cmake', 'python']
[0.537s] Level 1:colcon.colcon_core.package_identification:_identify(Code/dofbot_ws/src) by extension 'cmake'
[0.542s] WARNING:colcon.colcon_cmake.package_identification.cmake:Ignoring 'Code/dofbot_ws/src/CMakeLists.txt' since it seems to be a toplevel CMake file generated by 'catkin_make'
[0.542s] Level 1:colcon.colcon_core.package_identification:_identify(Code/dofbot_ws/src) by extension 'python'
[0.542s] Level 1:colcon.colcon_core.package_identification:_identify(Code/dofbot_ws/src) by extensions ['python_setup_py']
[0.543s] Level 1:colcon.colcon_core.package_identification:_identify(Code/dofbot_ws/src) by extension 'python_setup_py'
[0.543s] Level 1:colcon.colcon_core.package_identification:_identify(Code/dofbot_ws/src/arm_mediapipe) by extensions ['ignore', 'ignore_ament_install']
[0.543s] Level 1:colcon.colcon_core.package_identification:_identify(Code/dofbot_ws/src/arm_mediapipe) by extension 'ignore'
[0.543s] Level 1:colcon.colcon_core.package_identification:_identify(Code/dofbot_ws/src/arm_mediapipe) by extension 'ignore_ament_install'
[0.543s] Level 1:colcon.colcon_core.package_identification:_identify(Code/dofbot_ws/src/arm_mediapipe) by extensions ['colcon_pkg']
[0.543s] Level 1:colcon.colcon_core.package_identification:_identify(Code/dofbot_ws/src/arm_mediapipe) by extension 'colcon_pkg'
[0.543s] Level 1:colcon.colcon_core.package_identification:_identify(Code/dofbot_ws/src/arm_mediapipe) by extensions ['colcon_meta']
[0.543s] Level 1:colcon.colcon_core.package_identification:_identify(Code/dofbot_ws/src/arm_mediapipe) by extension 'colcon_meta'
[0.543s] Level 1:colcon.colcon_core.package_identification:_identify(Code/dofbot_ws/src/arm_mediapipe) by extensions ['ros']
[0.543s] Level 1:colcon.colcon_core.package_identification:_identify(Code/dofbot_ws/src/arm_mediapipe) by extension 'ros'
[0.544s] DEBUG:colcon.colcon_core.package_identification:Package 'Code/dofbot_ws/src/arm_mediapipe' with type 'ros.catkin' and name 'arm_mediapipe'
[0.544s] Level 1:colcon.colcon_core.package_identification:_identify(Code/dofbot_ws/src/dofbot_color_follow) by extensions ['ignore', 'ignore_ament_install']
[0.544s] Level 1:colcon.colcon_core.package_identification:_identify(Code/dofbot_ws/src/dofbot_color_follow) by extension 'ignore'
[0.544s] Level 1:colcon.colcon_core.package_identification:_identify(Code/dofbot_ws/src/dofbot_color_follow) by extension 'ignore_ament_install'
[0.544s] Level 1:colcon.colcon_core.package_identification:_identify(Code/dofbot_ws/src/dofbot_color_follow) by extensions ['colcon_pkg']
[0.544s] Level 1:colcon.colcon_core.package_identification:_identify(Code/dofbot_ws/src/dofbot_color_follow) by extension 'colcon_pkg'
[0.544s] Level 1:colcon.colcon_core.package_identification:_identify(Code/dofbot_ws/src/dofbot_color_follow) by extensions ['colcon_meta']
[0.544s] Level 1:colcon.colcon_core.package_identification:_identify(Code/dofbot_ws/src/dofbot_color_follow) by extension 'colcon_meta'
[0.545s] Level 1:colcon.colcon_core.package_identification:_identify(Code/dofbot_ws/src/dofbot_color_follow) by extensions ['ros']
[0.545s] Level 1:colcon.colcon_core.package_identification:_identify(Code/dofbot_ws/src/dofbot_color_follow) by extension 'ros'
[0.545s] Level 1:colcon.colcon_core.package_identification:_identify(Code/dofbot_ws/src/dofbot_color_follow) by extensions ['cmake', 'python']
[0.545s] Level 1:colcon.colcon_core.package_identification:_identify(Code/dofbot_ws/src/dofbot_color_follow) by extension 'cmake'
[0.545s] Level 1:colcon.colcon_core.package_identification:_identify(Code/dofbot_ws/src/dofbot_color_follow) by extension 'python'
[0.545s] Level 1:colcon.colcon_core.package_identification:_identify(Code/dofbot_ws/src/dofbot_color_follow) by extensions ['python_setup_py']
[0.545s] Level 1:colcon.colcon_core.package_identification:_identify(Code/dofbot_ws/src/dofbot_color_follow) by extension 'python_setup_py'
[0.545s] Level 1:colcon.colcon_core.package_identification:_identify(Code/dofbot_ws/src/dofbot_color_follow/__pycache__) by extensions ['ignore', 'ignore_ament_install']
[0.545s] Level 1:colcon.colcon_core.package_identification:_identify(Code/dofbot_ws/src/dofbot_color_follow/__pycache__) by extension 'ignore'
[0.545s] Level 1:colcon.colcon_core.package_identification:_identify(Code/dofbot_ws/src/dofbot_color_follow/__pycache__) by extension 'ignore_ament_install'
[0.545s] Level 1:colcon.colcon_core.package_identification:_identify(Code/dofbot_ws/src/dofbot_color_follow/__pycache__) by extensions ['colcon_pkg']
[0.545s] Level 1:colcon.colcon_core.package_identification:_identify(Code/dofbot_ws/src/dofbot_color_follow/__pycache__) by extension 'colcon_pkg'
[0.545s] Level 1:colcon.colcon_core.package_identification:_identify(Code/dofbot_ws/src/dofbot_color_follow/__pycache__) by extensions ['colcon_meta']
[0.545s] Level 1:colcon.colcon_core.package_identification:_identify(Code/dofbot_ws/src/dofbot_color_follow/__pycache__) by extension 'colcon_meta'
[0.545s] Level 1:colcon.colcon_core.package_identification:_identify(Code/dofbot_ws/src/dofbot_color_follow/__pycache__) by extensions ['ros']
[0.545s] Level 1:colcon.colcon_core.package_identification:_identify(Code/dofbot_ws/src/dofbot_color_follow/__pycache__) by extension 'ros'
[0.545s] Level 1:colcon.colcon_core.package_identification:_identify(Code/dofbot_ws/src/dofbot_color_follow/__pycache__) by extensions ['cmake', 'python']
[0.545s] Level 1:colcon.colcon_core.package_identification:_identify(Code/dofbot_ws/src/dofbot_color_follow/__pycache__) by extension 'cmake'
[0.546s] Level 1:colcon.colcon_core.package_identification:_identify(Code/dofbot_ws/src/dofbot_color_follow/__pycache__) by extension 'python'
[0.546s] Level 1:colcon.colcon_core.package_identification:_identify(Code/dofbot_ws/src/dofbot_color_follow/__pycache__) by extensions ['python_setup_py']
[0.546s] Level 1:colcon.colcon_core.package_identification:_identify(Code/dofbot_ws/src/dofbot_color_follow/__pycache__) by extension 'python_setup_py'
[0.546s] Level 1:colcon.colcon_core.package_identification:_identify(Code/dofbot_ws/src/dofbot_color_identify) by extensions ['ignore', 'ignore_ament_install']
[0.546s] Level 1:colcon.colcon_core.package_identification:_identify(Code/dofbot_ws/src/dofbot_color_identify) by extension 'ignore'
[0.546s] Level 1:colcon.colcon_core.package_identification:_identify(Code/dofbot_ws/src/dofbot_color_identify) by extension 'ignore_ament_install'
[0.546s] Level 1:colcon.colcon_core.package_identification:_identify(Code/dofbot_ws/src/dofbot_color_identify) by extensions ['colcon_pkg']
[0.546s] Level 1:colcon.colcon_core.package_identification:_identify(Code/dofbot_ws/src/dofbot_color_identify) by extension 'colcon_pkg'
[0.546s] Level 1:colcon.colcon_core.package_identification:_identify(Code/dofbot_ws/src/dofbot_color_identify) by extensions ['colcon_meta']
[0.546s] Level 1:colcon.colcon_core.package_identification:_identify(Code/dofbot_ws/src/dofbot_color_identify) by extension 'colcon_meta'
[0.546s] Level 1:colcon.colcon_core.package_identification:_identify(Code/dofbot_ws/src/dofbot_color_identify) by extensions ['ros']
[0.546s] Level 1:colcon.colcon_core.package_identification:_identify(Code/dofbot_ws/src/dofbot_color_identify) by extension 'ros'
[0.547s] DEBUG:colcon.colcon_core.package_identification:Package 'Code/dofbot_ws/src/dofbot_color_identify' with type 'ros.catkin' and name 'dofbot_color_identify'
[0.547s] Level 1:colcon.colcon_core.package_identification:_identify(Code/dofbot_ws/src/dofbot_color_sorting) by extensions ['ignore', 'ignore_ament_install']
[0.547s] Level 1:colcon.colcon_core.package_identification:_identify(Code/dofbot_ws/src/dofbot_color_sorting) by extension 'ignore'
[0.547s] Level 1:colcon.colcon_core.package_identification:_identify(Code/dofbot_ws/src/dofbot_color_sorting) by extension 'ignore_ament_install'
[0.547s] Level 1:colcon.colcon_core.package_identification:_identify(Code/dofbot_ws/src/dofbot_color_sorting) by extensions ['colcon_pkg']
[0.547s] Level 1:colcon.colcon_core.package_identification:_identify(Code/dofbot_ws/src/dofbot_color_sorting) by extension 'colcon_pkg'
[0.547s] Level 1:colcon.colcon_core.package_identification:_identify(Code/dofbot_ws/src/dofbot_color_sorting) by extensions ['colcon_meta']
[0.547s] Level 1:colcon.colcon_core.package_identification:_identify(Code/dofbot_ws/src/dofbot_color_sorting) by extension 'colcon_meta'
[0.547s] Level 1:colcon.colcon_core.package_identification:_identify(Code/dofbot_ws/src/dofbot_color_sorting) by extensions ['ros']
[0.547s] Level 1:colcon.colcon_core.package_identification:_identify(Code/dofbot_ws/src/dofbot_color_sorting) by extension 'ros'
[0.547s] Level 1:colcon.colcon_core.package_identification:_identify(Code/dofbot_ws/src/dofbot_color_sorting) by extensions ['cmake', 'python']
[0.547s] Level 1:colcon.colcon_core.package_identification:_identify(Code/dofbot_ws/src/dofbot_color_sorting) by extension 'cmake'
[0.547s] Level 1:colcon.colcon_core.package_identification:_identify(Code/dofbot_ws/src/dofbot_color_sorting) by extension 'python'
[0.547s] Level 1:colcon.colcon_core.package_identification:_identify(Code/dofbot_ws/src/dofbot_color_sorting) by extensions ['python_setup_py']
[0.547s] Level 1:colcon.colcon_core.package_identification:_identify(Code/dofbot_ws/src/dofbot_color_sorting) by extension 'python_setup_py'
[0.547s] Level 1:colcon.colcon_core.package_identification:_identify(Code/dofbot_ws/src/dofbot_color_sorting/__pycache__) by extensions ['ignore', 'ignore_ament_install']
[0.548s] Level 1:colcon.colcon_core.package_identification:_identify(Code/dofbot_ws/src/dofbot_color_sorting/__pycache__) by extension 'ignore'
[0.548s] Level 1:colcon.colcon_core.package_identification:_identify(Code/dofbot_ws/src/dofbot_color_sorting/__pycache__) by extension 'ignore_ament_install'
[0.548s] Level 1:colcon.colcon_core.package_identification:_identify(Code/dofbot_ws/src/dofbot_color_sorting/__pycache__) by extensions ['colcon_pkg']
[0.548s] Level 1:colcon.colcon_core.package_identification:_identify(Code/dofbot_ws/src/dofbot_color_sorting/__pycache__) by extension 'colcon_pkg'
[0.548s] Level 1:colcon.colcon_core.package_identification:_identify(Code/dofbot_ws/src/dofbot_color_sorting/__pycache__) by extensions ['colcon_meta']
[0.548s] Level 1:colcon.colcon_core.package_identification:_identify(Code/dofbot_ws/src/dofbot_color_sorting/__pycache__) by extension 'colcon_meta'
[0.548s] Level 1:colcon.colcon_core.package_identification:_identify(Code/dofbot_ws/src/dofbot_color_sorting/__pycache__) by extensions ['ros']
[0.548s] Level 1:colcon.colcon_core.package_identification:_identify(Code/dofbot_ws/src/dofbot_color_sorting/__pycache__) by extension 'ros'
[0.548s] Level 1:colcon.colcon_core.package_identification:_identify(Code/dofbot_ws/src/dofbot_color_sorting/__pycache__) by extensions ['cmake', 'python']
[0.548s] Level 1:colcon.colcon_core.package_identification:_identify(Code/dofbot_ws/src/dofbot_color_sorting/__pycache__) by extension 'cmake'
[0.548s] Level 1:colcon.colcon_core.package_identification:_identify(Code/dofbot_ws/src/dofbot_color_sorting/__pycache__) by extension 'python'
[0.548s] Level 1:colcon.colcon_core.package_identification:_identify(Code/dofbot_ws/src/dofbot_color_sorting/__pycache__) by extensions ['python_setup_py']
[0.548s] Level 1:colcon.colcon_core.package_identification:_identify(Code/dofbot_ws/src/dofbot_color_sorting/__pycache__) by extension 'python_setup_py'
[0.548s] Level 1:colcon.colcon_core.package_identification:_identify(Code/dofbot_ws/src/dofbot_color_stacking) by extensions ['ignore', 'ignore_ament_install']
[0.548s] Level 1:colcon.colcon_core.package_identification:_identify(Code/dofbot_ws/src/dofbot_color_stacking) by extension 'ignore'
[0.548s] Level 1:colcon.colcon_core.package_identification:_identify(Code/dofbot_ws/src/dofbot_color_stacking) by extension 'ignore_ament_install'
[0.548s] Level 1:colcon.colcon_core.package_identification:_identify(Code/dofbot_ws/src/dofbot_color_stacking) by extensions ['colcon_pkg']
[0.548s] Level 1:colcon.colcon_core.package_identification:_identify(Code/dofbot_ws/src/dofbot_color_stacking) by extension 'colcon_pkg'
[0.549s] Level 1:colcon.colcon_core.package_identification:_identify(Code/dofbot_ws/src/dofbot_color_stacking) by extensions ['colcon_meta']
[0.549s] Level 1:colcon.colcon_core.package_identification:_identify(Code/dofbot_ws/src/dofbot_color_stacking) by extension 'colcon_meta'
[0.549s] Level 1:colcon.colcon_core.package_identification:_identify(Code/dofbot_ws/src/dofbot_color_stacking) by extensions ['ros']
[0.549s] Level 1:colcon.colcon_core.package_identification:_identify(Code/dofbot_ws/src/dofbot_color_stacking) by extension 'ros'
[0.549s] DEBUG:colcon.colcon_core.package_identification:Package 'Code/dofbot_ws/src/dofbot_color_stacking' with type 'ros.catkin' and name 'dofbot_color_stacking'
[0.549s] Level 1:colcon.colcon_core.package_identification:_identify(Code/dofbot_ws/src/dofbot_config) by extensions ['ignore', 'ignore_ament_install']
[0.549s] Level 1:colcon.colcon_core.package_identification:_identify(Code/dofbot_ws/src/dofbot_config) by extension 'ignore'
[0.550s] Level 1:colcon.colcon_core.package_identification:_identify(Code/dofbot_ws/src/dofbot_config) by extension 'ignore_ament_install'
[0.550s] Level 1:colcon.colcon_core.package_identification:_identify(Code/dofbot_ws/src/dofbot_config) by extensions ['colcon_pkg']
[0.550s] Level 1:colcon.colcon_core.package_identification:_identify(Code/dofbot_ws/src/dofbot_config) by extension 'colcon_pkg'
[0.550s] Level 1:colcon.colcon_core.package_identification:_identify(Code/dofbot_ws/src/dofbot_config) by extensions ['colcon_meta']
[0.550s] Level 1:colcon.colcon_core.package_identification:_identify(Code/dofbot_ws/src/dofbot_config) by extension 'colcon_meta'
[0.550s] Level 1:colcon.colcon_core.package_identification:_identify(Code/dofbot_ws/src/dofbot_config) by extensions ['ros']
[0.550s] Level 1:colcon.colcon_core.package_identification:_identify(Code/dofbot_ws/src/dofbot_config) by extension 'ros'
[0.550s] DEBUG:colcon.colcon_core.package_identification:Package 'Code/dofbot_ws/src/dofbot_config' with type 'ros.catkin' and name 'dofbot_config'
[0.551s] Level 1:colcon.colcon_core.package_identification:_identify(Code/dofbot_ws/src/dofbot_face_follow) by extensions ['ignore', 'ignore_ament_install']
[0.551s] Level 1:colcon.colcon_core.package_identification:_identify(Code/dofbot_ws/src/dofbot_face_follow) by extension 'ignore'
[0.551s] Level 1:colcon.colcon_core.package_identification:_identify(Code/dofbot_ws/src/dofbot_face_follow) by extension 'ignore_ament_install'
[0.551s] Level 1:colcon.colcon_core.package_identification:_identify(Code/dofbot_ws/src/dofbot_face_follow) by extensions ['colcon_pkg']
[0.551s] Level 1:colcon.colcon_core.package_identification:_identify(Code/dofbot_ws/src/dofbot_face_follow) by extension 'colcon_pkg'
[0.551s] Level 1:colcon.colcon_core.package_identification:_identify(Code/dofbot_ws/src/dofbot_face_follow) by extensions ['colcon_meta']
[0.551s] Level 1:colcon.colcon_core.package_identification:_identify(Code/dofbot_ws/src/dofbot_face_follow) by extension 'colcon_meta'
[0.551s] Level 1:colcon.colcon_core.package_identification:_identify(Code/dofbot_ws/src/dofbot_face_follow) by extensions ['ros']
[0.551s] Level 1:colcon.colcon_core.package_identification:_identify(Code/dofbot_ws/src/dofbot_face_follow) by extension 'ros'
[0.551s] Level 1:colcon.colcon_core.package_identification:_identify(Code/dofbot_ws/src/dofbot_face_follow) by extensions ['cmake', 'python']
[0.551s] Level 1:colcon.colcon_core.package_identification:_identify(Code/dofbot_ws/src/dofbot_face_follow) by extension 'cmake'
[0.551s] Level 1:colcon.colcon_core.package_identification:_identify(Code/dofbot_ws/src/dofbot_face_follow) by extension 'python'
[0.551s] Level 1:colcon.colcon_core.package_identification:_identify(Code/dofbot_ws/src/dofbot_face_follow) by extensions ['python_setup_py']
[0.551s] Level 1:colcon.colcon_core.package_identification:_identify(Code/dofbot_ws/src/dofbot_face_follow) by extension 'python_setup_py'
[0.551s] Level 1:colcon.colcon_core.package_identification:_identify(Code/dofbot_ws/src/dofbot_face_follow/__pycache__) by extensions ['ignore', 'ignore_ament_install']
[0.551s] Level 1:colcon.colcon_core.package_identification:_identify(Code/dofbot_ws/src/dofbot_face_follow/__pycache__) by extension 'ignore'
[0.552s] Level 1:colcon.colcon_core.package_identification:_identify(Code/dofbot_ws/src/dofbot_face_follow/__pycache__) by extension 'ignore_ament_install'
[0.552s] Level 1:colcon.colcon_core.package_identification:_identify(Code/dofbot_ws/src/dofbot_face_follow/__pycache__) by extensions ['colcon_pkg']
[0.552s] Level 1:colcon.colcon_core.package_identification:_identify(Code/dofbot_ws/src/dofbot_face_follow/__pycache__) by extension 'colcon_pkg'
[0.552s] Level 1:colcon.colcon_core.package_identification:_identify(Code/dofbot_ws/src/dofbot_face_follow/__pycache__) by extensions ['colcon_meta']
[0.552s] Level 1:colcon.colcon_core.package_identification:_identify(Code/dofbot_ws/src/dofbot_face_follow/__pycache__) by extension 'colcon_meta'
[0.552s] Level 1:colcon.colcon_core.package_identification:_identify(Code/dofbot_ws/src/dofbot_face_follow/__pycache__) by extensions ['ros']
[0.552s] Level 1:colcon.colcon_core.package_identification:_identify(Code/dofbot_ws/src/dofbot_face_follow/__pycache__) by extension 'ros'
[0.552s] Level 1:colcon.colcon_core.package_identification:_identify(Code/dofbot_ws/src/dofbot_face_follow/__pycache__) by extensions ['cmake', 'python']
[0.552s] Level 1:colcon.colcon_core.package_identification:_identify(Code/dofbot_ws/src/dofbot_face_follow/__pycache__) by extension 'cmake'
[0.552s] Level 1:colcon.colcon_core.package_identification:_identify(Code/dofbot_ws/src/dofbot_face_follow/__pycache__) by extension 'python'
[0.552s] Level 1:colcon.colcon_core.package_identification:_identify(Code/dofbot_ws/src/dofbot_face_follow/__pycache__) by extensions ['python_setup_py']
[0.552s] Level 1:colcon.colcon_core.package_identification:_identify(Code/dofbot_ws/src/dofbot_face_follow/__pycache__) by extension 'python_setup_py'
[0.552s] Level 1:colcon.colcon_core.package_identification:_identify(Code/dofbot_ws/src/dofbot_garbage_yolov5) by extensions ['ignore', 'ignore_ament_install']
[0.552s] Level 1:colcon.colcon_core.package_identification:_identify(Code/dofbot_ws/src/dofbot_garbage_yolov5) by extension 'ignore'
[0.552s] Level 1:colcon.colcon_core.package_identification:_identify(Code/dofbot_ws/src/dofbot_garbage_yolov5) by extension 'ignore_ament_install'
[0.552s] Level 1:colcon.colcon_core.package_identification:_identify(Code/dofbot_ws/src/dofbot_garbage_yolov5) by extensions ['colcon_pkg']
[0.552s] Level 1:colcon.colcon_core.package_identification:_identify(Code/dofbot_ws/src/dofbot_garbage_yolov5) by extension 'colcon_pkg'
[0.552s] Level 1:colcon.colcon_core.package_identification:_identify(Code/dofbot_ws/src/dofbot_garbage_yolov5) by extensions ['colcon_meta']
[0.552s] Level 1:colcon.colcon_core.package_identification:_identify(Code/dofbot_ws/src/dofbot_garbage_yolov5) by extension 'colcon_meta'
[0.552s] Level 1:colcon.colcon_core.package_identification:_identify(Code/dofbot_ws/src/dofbot_garbage_yolov5) by extensions ['ros']
[0.552s] Level 1:colcon.colcon_core.package_identification:_identify(Code/dofbot_ws/src/dofbot_garbage_yolov5) by extension 'ros'
[0.553s] DEBUG:colcon.colcon_core.package_identification:Package 'Code/dofbot_ws/src/dofbot_garbage_yolov5' with type 'ros.catkin' and name 'dofbot_garbage_yolov5'
[0.553s] Level 1:colcon.colcon_core.package_identification:_identify(Code/dofbot_ws/src/dofbot_info) by extensions ['ignore', 'ignore_ament_install']
[0.553s] Level 1:colcon.colcon_core.package_identification:_identify(Code/dofbot_ws/src/dofbot_info) by extension 'ignore'
[0.553s] Level 1:colcon.colcon_core.package_identification:_identify(Code/dofbot_ws/src/dofbot_info) by extension 'ignore_ament_install'
[0.554s] Level 1:colcon.colcon_core.package_identification:_identify(Code/dofbot_ws/src/dofbot_info) by extensions ['colcon_pkg']
[0.554s] Level 1:colcon.colcon_core.package_identification:_identify(Code/dofbot_ws/src/dofbot_info) by extension 'colcon_pkg'
[0.554s] Level 1:colcon.colcon_core.package_identification:_identify(Code/dofbot_ws/src/dofbot_info) by extensions ['colcon_meta']
[0.554s] Level 1:colcon.colcon_core.package_identification:_identify(Code/dofbot_ws/src/dofbot_info) by extension 'colcon_meta'
[0.554s] Level 1:colcon.colcon_core.package_identification:_identify(Code/dofbot_ws/src/dofbot_info) by extensions ['ros']
[0.554s] Level 1:colcon.colcon_core.package_identification:_identify(Code/dofbot_ws/src/dofbot_info) by extension 'ros'
[0.554s] DEBUG:colcon.colcon_core.package_identification:Package 'Code/dofbot_ws/src/dofbot_info' with type 'ros.catkin' and name 'dofbot_info'
[0.554s] Level 1:colcon.colcon_core.package_identification:_identify(Code/dofbot_ws/src/dofbot_mediapipe) by extensions ['ignore', 'ignore_ament_install']
[0.554s] Level 1:colcon.colcon_core.package_identification:_identify(Code/dofbot_ws/src/dofbot_mediapipe) by extension 'ignore'
[0.554s] Level 1:colcon.colcon_core.package_identification:_identify(Code/dofbot_ws/src/dofbot_mediapipe) by extension 'ignore_ament_install'
[0.555s] Level 1:colcon.colcon_core.package_identification:_identify(Code/dofbot_ws/src/dofbot_mediapipe) by extensions ['colcon_pkg']
[0.555s] Level 1:colcon.colcon_core.package_identification:_identify(Code/dofbot_ws/src/dofbot_mediapipe) by extension 'colcon_pkg'
[0.555s] Level 1:colcon.colcon_core.package_identification:_identify(Code/dofbot_ws/src/dofbot_mediapipe) by extensions ['colcon_meta']
[0.555s] Level 1:colcon.colcon_core.package_identification:_identify(Code/dofbot_ws/src/dofbot_mediapipe) by extension 'colcon_meta'
[0.555s] Level 1:colcon.colcon_core.package_identification:_identify(Code/dofbot_ws/src/dofbot_mediapipe) by extensions ['ros']
[0.555s] Level 1:colcon.colcon_core.package_identification:_identify(Code/dofbot_ws/src/dofbot_mediapipe) by extension 'ros'
[0.555s] DEBUG:colcon.colcon_core.package_identification:Package 'Code/dofbot_ws/src/dofbot_mediapipe' with type 'ros.catkin' and name 'dofbot_mediapipe'
[0.556s] Level 1:colcon.colcon_core.package_identification:_identify(Code/dofbot_ws/src/dofbot_moveit) by extensions ['ignore', 'ignore_ament_install']
[0.556s] Level 1:colcon.colcon_core.package_identification:_identify(Code/dofbot_ws/src/dofbot_moveit) by extension 'ignore'
[0.556s] Level 1:colcon.colcon_core.package_identification:_identify(Code/dofbot_ws/src/dofbot_moveit) by extension 'ignore_ament_install'
[0.556s] Level 1:colcon.colcon_core.package_identification:_identify(Code/dofbot_ws/src/dofbot_moveit) by extensions ['colcon_pkg']
[0.556s] Level 1:colcon.colcon_core.package_identification:_identify(Code/dofbot_ws/src/dofbot_moveit) by extension 'colcon_pkg'
[0.556s] Level 1:colcon.colcon_core.package_identification:_identify(Code/dofbot_ws/src/dofbot_moveit) by extensions ['colcon_meta']
[0.556s] Level 1:colcon.colcon_core.package_identification:_identify(Code/dofbot_ws/src/dofbot_moveit) by extension 'colcon_meta'
[0.556s] Level 1:colcon.colcon_core.package_identification:_identify(Code/dofbot_ws/src/dofbot_moveit) by extensions ['ros']
[0.556s] Level 1:colcon.colcon_core.package_identification:_identify(Code/dofbot_ws/src/dofbot_moveit) by extension 'ros'
[0.557s] DEBUG:colcon.colcon_core.package_identification:Package 'Code/dofbot_ws/src/dofbot_moveit' with type 'ros.catkin' and name 'dofbot_moveit'
[0.557s] Level 1:colcon.colcon_core.package_identification:_identify(Code/dofbot_ws/src/dofbot_snake_follow) by extensions ['ignore', 'ignore_ament_install']
[0.557s] Level 1:colcon.colcon_core.package_identification:_identify(Code/dofbot_ws/src/dofbot_snake_follow) by extension 'ignore'
[0.557s] Level 1:colcon.colcon_core.package_identification:_identify(Code/dofbot_ws/src/dofbot_snake_follow) by extension 'ignore_ament_install'
[0.557s] Level 1:colcon.colcon_core.package_identification:_identify(Code/dofbot_ws/src/dofbot_snake_follow) by extensions ['colcon_pkg']
[0.557s] Level 1:colcon.colcon_core.package_identification:_identify(Code/dofbot_ws/src/dofbot_snake_follow) by extension 'colcon_pkg'
[0.557s] Level 1:colcon.colcon_core.package_identification:_identify(Code/dofbot_ws/src/dofbot_snake_follow) by extensions ['colcon_meta']
[0.557s] Level 1:colcon.colcon_core.package_identification:_identify(Code/dofbot_ws/src/dofbot_snake_follow) by extension 'colcon_meta'
[0.557s] Level 1:colcon.colcon_core.package_identification:_identify(Code/dofbot_ws/src/dofbot_snake_follow) by extensions ['ros']
[0.557s] Level 1:colcon.colcon_core.package_identification:_identify(Code/dofbot_ws/src/dofbot_snake_follow) by extension 'ros'
[0.558s] DEBUG:colcon.colcon_core.package_identification:Package 'Code/dofbot_ws/src/dofbot_snake_follow' with type 'ros.catkin' and name 'dofbot_snake_follow'
[0.558s] Level 1:colcon.colcon_core.package_identification:_identify(Code/dofbot_ws/src/dofbot_visual) by extensions ['ignore', 'ignore_ament_install']
[0.558s] Level 1:colcon.colcon_core.package_identification:_identify(Code/dofbot_ws/src/dofbot_visual) by extension 'ignore'
[0.558s] Level 1:colcon.colcon_core.package_identification:_identify(Code/dofbot_ws/src/dofbot_visual) by extension 'ignore_ament_install'
[0.558s] Level 1:colcon.colcon_core.package_identification:_identify(Code/dofbot_ws/src/dofbot_visual) by extensions ['colcon_pkg']
[0.558s] Level 1:colcon.colcon_core.package_identification:_identify(Code/dofbot_ws/src/dofbot_visual) by extension 'colcon_pkg'
[0.558s] Level 1:colcon.colcon_core.package_identification:_identify(Code/dofbot_ws/src/dofbot_visual) by extensions ['colcon_meta']
[0.558s] Level 1:colcon.colcon_core.package_identification:_identify(Code/dofbot_ws/src/dofbot_visual) by extension 'colcon_meta'
[0.558s] Level 1:colcon.colcon_core.package_identification:_identify(Code/dofbot_ws/src/dofbot_visual) by extensions ['ros']
[0.558s] Level 1:colcon.colcon_core.package_identification:_identify(Code/dofbot_ws/src/dofbot_visual) by extension 'ros'
[0.559s] DEBUG:colcon.colcon_core.package_identification:Package 'Code/dofbot_ws/src/dofbot_visual' with type 'ros.catkin' and name 'dofbot_visual'
[0.559s] Level 1:colcon.colcon_core.package_identification:_identify(Code/dofbot_ws/src/yahboomcar_description) by extensions ['ignore', 'ignore_ament_install']
[0.559s] Level 1:colcon.colcon_core.package_identification:_identify(Code/dofbot_ws/src/yahboomcar_description) by extension 'ignore'
[0.559s] Level 1:colcon.colcon_core.package_identification:_identify(Code/dofbot_ws/src/yahboomcar_description) by extension 'ignore_ament_install'
[0.559s] Level 1:colcon.colcon_core.package_identification:_identify(Code/dofbot_ws/src/yahboomcar_description) by extensions ['colcon_pkg']
[0.559s] Level 1:colcon.colcon_core.package_identification:_identify(Code/dofbot_ws/src/yahboomcar_description) by extension 'colcon_pkg'
[0.559s] Level 1:colcon.colcon_core.package_identification:_identify(Code/dofbot_ws/src/yahboomcar_description) by extensions ['colcon_meta']
[0.559s] Level 1:colcon.colcon_core.package_identification:_identify(Code/dofbot_ws/src/yahboomcar_description) by extension 'colcon_meta'
[0.559s] Level 1:colcon.colcon_core.package_identification:_identify(Code/dofbot_ws/src/yahboomcar_description) by extensions ['ros']
[0.559s] Level 1:colcon.colcon_core.package_identification:_identify(Code/dofbot_ws/src/yahboomcar_description) by extension 'ros'
[0.560s] DEBUG:colcon.colcon_core.package_identification:Package 'Code/dofbot_ws/src/yahboomcar_description' with type 'ros.catkin' and name 'yahboomcar_description'
[0.560s] Level 1:colcon.colcon_core.package_identification:_identify(Code/dofbot_ws/src/yahboomcar_msgs) by extensions ['ignore', 'ignore_ament_install']
[0.560s] Level 1:colcon.colcon_core.package_identification:_identify(Code/dofbot_ws/src/yahboomcar_msgs) by extension 'ignore'
[0.560s] Level 1:colcon.colcon_core.package_identification:_identify(Code/dofbot_ws/src/yahboomcar_msgs) by extension 'ignore_ament_install'
[0.560s] Level 1:colcon.colcon_core.package_identification:_identify(Code/dofbot_ws/src/yahboomcar_msgs) by extensions ['colcon_pkg']
[0.560s] Level 1:colcon.colcon_core.package_identification:_identify(Code/dofbot_ws/src/yahboomcar_msgs) by extension 'colcon_pkg'
[0.560s] Level 1:colcon.colcon_core.package_identification:_identify(Code/dofbot_ws/src/yahboomcar_msgs) by extensions ['colcon_meta']
[0.560s] Level 1:colcon.colcon_core.package_identification:_identify(Code/dofbot_ws/src/yahboomcar_msgs) by extension 'colcon_meta'
[0.560s] Level 1:colcon.colcon_core.package_identification:_identify(Code/dofbot_ws/src/yahboomcar_msgs) by extensions ['ros']
[0.560s] Level 1:colcon.colcon_core.package_identification:_identify(Code/dofbot_ws/src/yahboomcar_msgs) by extension 'ros'
[0.561s] DEBUG:colcon.colcon_core.package_identification:Package 'Code/dofbot_ws/src/yahboomcar_msgs' with type 'ros.catkin' and name 'yahboomcar_msgs'
[0.561s] Level 1:colcon.colcon_core.package_identification:_identify(Meshs) by extensions ['ignore', 'ignore_ament_install']
[0.561s] Level 1:colcon.colcon_core.package_identification:_identify(Meshs) by extension 'ignore'
[0.561s] Level 1:colcon.colcon_core.package_identification:_identify(Meshs) by extension 'ignore_ament_install'
[0.561s] Level 1:colcon.colcon_core.package_identification:_identify(Meshs) by extensions ['colcon_pkg']
[0.561s] Level 1:colcon.colcon_core.package_identification:_identify(Meshs) by extension 'colcon_pkg'
[0.561s] Level 1:colcon.colcon_core.package_identification:_identify(Meshs) by extensions ['colcon_meta']
[0.561s] Level 1:colcon.colcon_core.package_identification:_identify(Meshs) by extension 'colcon_meta'
[0.561s] Level 1:colcon.colcon_core.package_identification:_identify(Meshs) by extensions ['ros']
[0.561s] Level 1:colcon.colcon_core.package_identification:_identify(Meshs) by extension 'ros'
[0.561s] Level 1:colcon.colcon_core.package_identification:_identify(Meshs) by extensions ['cmake', 'python']
[0.561s] Level 1:colcon.colcon_core.package_identification:_identify(Meshs) by extension 'cmake'
[0.562s] Level 1:colcon.colcon_core.package_identification:_identify(Meshs) by extension 'python'
[0.562s] Level 1:colcon.colcon_core.package_identification:_identify(Meshs) by extensions ['python_setup_py']
[0.562s] Level 1:colcon.colcon_core.package_identification:_identify(Meshs) by extension 'python_setup_py'
[0.562s] Level 1:colcon.colcon_core.package_identification:_identify(Stm32 firmware) by extensions ['ignore', 'ignore_ament_install']
[0.562s] Level 1:colcon.colcon_core.package_identification:_identify(Stm32 firmware) by extension 'ignore'
[0.562s] Level 1:colcon.colcon_core.package_identification:_identify(Stm32 firmware) by extension 'ignore_ament_install'
[0.562s] Level 1:colcon.colcon_core.package_identification:_identify(Stm32 firmware) by extensions ['colcon_pkg']
[0.562s] Level 1:colcon.colcon_core.package_identification:_identify(Stm32 firmware) by extension 'colcon_pkg'
[0.562s] Level 1:colcon.colcon_core.package_identification:_identify(Stm32 firmware) by extensions ['colcon_meta']
[0.562s] Level 1:colcon.colcon_core.package_identification:_identify(Stm32 firmware) by extension 'colcon_meta'
[0.562s] Level 1:colcon.colcon_core.package_identification:_identify(Stm32 firmware) by extensions ['ros']
[0.562s] Level 1:colcon.colcon_core.package_identification:_identify(Stm32 firmware) by extension 'ros'
[0.562s] Level 1:colcon.colcon_core.package_identification:_identify(Stm32 firmware) by extensions ['cmake', 'python']
[0.562s] Level 1:colcon.colcon_core.package_identification:_identify(Stm32 firmware) by extension 'cmake'
[0.562s] Level 1:colcon.colcon_core.package_identification:_identify(Stm32 firmware) by extension 'python'
[0.562s] Level 1:colcon.colcon_core.package_identification:_identify(Stm32 firmware) by extensions ['python_setup_py']
[0.562s] Level 1:colcon.colcon_core.package_identification:_identify(Stm32 firmware) by extension 'python_setup_py'
[0.562s] Level 1:colcon.colcon_core.package_identification:_identify(URDF) by extensions ['ignore', 'ignore_ament_install']
[0.562s] Level 1:colcon.colcon_core.package_identification:_identify(URDF) by extension 'ignore'
[0.562s] Level 1:colcon.colcon_core.package_identification:_identify(URDF) by extension 'ignore_ament_install'
[0.562s] Level 1:colcon.colcon_core.package_identification:_identify(URDF) by extensions ['colcon_pkg']
[0.562s] Level 1:colcon.colcon_core.package_identification:_identify(URDF) by extension 'colcon_pkg'
[0.562s] Level 1:colcon.colcon_core.package_identification:_identify(URDF) by extensions ['colcon_meta']
[0.562s] Level 1:colcon.colcon_core.package_identification:_identify(URDF) by extension 'colcon_meta'
[0.563s] Level 1:colcon.colcon_core.package_identification:_identify(URDF) by extensions ['ros']
[0.563s] Level 1:colcon.colcon_core.package_identification:_identify(URDF) by extension 'ros'
[0.563s] Level 1:colcon.colcon_core.package_identification:_identify(URDF) by extensions ['cmake', 'python']
[0.563s] Level 1:colcon.colcon_core.package_identification:_identify(URDF) by extension 'cmake'
[0.563s] Level 1:colcon.colcon_core.package_identification:_identify(URDF) by extension 'python'
[0.563s] Level 1:colcon.colcon_core.package_identification:_identify(URDF) by extensions ['python_setup_py']
[0.563s] Level 1:colcon.colcon_core.package_identification:_identify(URDF) by extension 'python_setup_py'
[0.563s] Level 1:colcon.colcon_core.package_identification:_identify(Ubuntu20.04 Dynamic Dofbot Library) by extensions ['ignore', 'ignore_ament_install']
[0.563s] Level 1:colcon.colcon_core.package_identification:_identify(Ubuntu20.04 Dynamic Dofbot Library) by extension 'ignore'
[0.563s] Level 1:colcon.colcon_core.package_identification:_identify(Ubuntu20.04 Dynamic Dofbot Library) by extension 'ignore_ament_install'
[0.563s] Level 1:colcon.colcon_core.package_identification:_identify(Ubuntu20.04 Dynamic Dofbot Library) by extensions ['colcon_pkg']
[0.563s] Level 1:colcon.colcon_core.package_identification:_identify(Ubuntu20.04 Dynamic Dofbot Library) by extension 'colcon_pkg'
[0.563s] Level 1:colcon.colcon_core.package_identification:_identify(Ubuntu20.04 Dynamic Dofbot Library) by extensions ['colcon_meta']
[0.563s] Level 1:colcon.colcon_core.package_identification:_identify(Ubuntu20.04 Dynamic Dofbot Library) by extension 'colcon_meta'
[0.563s] Level 1:colcon.colcon_core.package_identification:_identify(Ubuntu20.04 Dynamic Dofbot Library) by extensions ['ros']
[0.563s] Level 1:colcon.colcon_core.package_identification:_identify(Ubuntu20.04 Dynamic Dofbot Library) by extension 'ros'
[0.563s] Level 1:colcon.colcon_core.package_identification:_identify(Ubuntu20.04 Dynamic Dofbot Library) by extensions ['cmake', 'python']
[0.563s] Level 1:colcon.colcon_core.package_identification:_identify(Ubuntu20.04 Dynamic Dofbot Library) by extension 'cmake'
[0.563s] Level 1:colcon.colcon_core.package_identification:_identify(Ubuntu20.04 Dynamic Dofbot Library) by extension 'python'
[0.563s] Level 1:colcon.colcon_core.package_identification:_identify(Ubuntu20.04 Dynamic Dofbot Library) by extensions ['python_setup_py']
[0.563s] Level 1:colcon.colcon_core.package_identification:_identify(Ubuntu20.04 Dynamic Dofbot Library) by extension 'python_setup_py'
[0.563s] Level 1:colcon.colcon_core.package_identification:_identify(arduino) by extensions ['ignore', 'ignore_ament_install']
[0.563s] Level 1:colcon.colcon_core.package_identification:_identify(arduino) by extension 'ignore'
[0.563s] Level 1:colcon.colcon_core.package_identification:_identify(arduino) by extension 'ignore_ament_install'
[0.564s] Level 1:colcon.colcon_core.package_identification:_identify(arduino) by extensions ['colcon_pkg']
[0.564s] Level 1:colcon.colcon_core.package_identification:_identify(arduino) by extension 'colcon_pkg'
[0.564s] Level 1:colcon.colcon_core.package_identification:_identify(arduino) by extensions ['colcon_meta']
[0.564s] Level 1:colcon.colcon_core.package_identification:_identify(arduino) by extension 'colcon_meta'
[0.564s] Level 1:colcon.colcon_core.package_identification:_identify(arduino) by extensions ['ros']
[0.564s] Level 1:colcon.colcon_core.package_identification:_identify(arduino) by extension 'ros'
[0.564s] Level 1:colcon.colcon_core.package_identification:_identify(arduino) by extensions ['cmake', 'python']
[0.564s] Level 1:colcon.colcon_core.package_identification:_identify(arduino) by extension 'cmake'
[0.564s] Level 1:colcon.colcon_core.package_identification:_identify(arduino) by extension 'python'
[0.564s] Level 1:colcon.colcon_core.package_identification:_identify(arduino) by extensions ['python_setup_py']
[0.564s] Level 1:colcon.colcon_core.package_identification:_identify(arduino) by extension 'python_setup_py'
[0.564s] Level 1:colcon.colcon_core.package_identification:_identify(arduino/dofbot_bridge) by extensions ['ignore', 'ignore_ament_install']
[0.564s] Level 1:colcon.colcon_core.package_identification:_identify(arduino/dofbot_bridge) by extension 'ignore'
[0.564s] Level 1:colcon.colcon_core.package_identification:_identify(arduino/dofbot_bridge) by extension 'ignore_ament_install'
[0.564s] Level 1:colcon.colcon_core.package_identification:_identify(arduino/dofbot_bridge) by extensions ['colcon_pkg']
[0.564s] Level 1:colcon.colcon_core.package_identification:_identify(arduino/dofbot_bridge) by extension 'colcon_pkg'
[0.564s] Level 1:colcon.colcon_core.package_identification:_identify(arduino/dofbot_bridge) by extensions ['colcon_meta']
[0.564s] Level 1:colcon.colcon_core.package_identification:_identify(arduino/dofbot_bridge) by extension 'colcon_meta'
[0.564s] Level 1:colcon.colcon_core.package_identification:_identify(arduino/dofbot_bridge) by extensions ['ros']
[0.564s] Level 1:colcon.colcon_core.package_identification:_identify(arduino/dofbot_bridge) by extension 'ros'
[0.564s] Level 1:colcon.colcon_core.package_identification:_identify(arduino/dofbot_bridge) by extensions ['cmake', 'python']
[0.564s] Level 1:colcon.colcon_core.package_identification:_identify(arduino/dofbot_bridge) by extension 'cmake'
[0.564s] Level 1:colcon.colcon_core.package_identification:_identify(arduino/dofbot_bridge) by extension 'python'
[0.564s] Level 1:colcon.colcon_core.package_identification:_identify(arduino/dofbot_bridge) by extensions ['python_setup_py']
[0.564s] Level 1:colcon.colcon_core.package_identification:_identify(arduino/dofbot_bridge) by extension 'python_setup_py'
[0.565s] Level 1:colcon.colcon_core.package_identification:_identify(build) by extensions ['ignore', 'ignore_ament_install']
[0.565s] Level 1:colcon.colcon_core.package_identification:_identify(build) by extension 'ignore'
[0.565s] Level 1:colcon.colcon_core.package_identification:_identify(build) ignored
[0.565s] Level 1:colcon.colcon_core.package_identification:_identify(dofbot_control) by extensions ['ignore', 'ignore_ament_install']
[0.565s] Level 1:colcon.colcon_core.package_identification:_identify(dofbot_control) by extension 'ignore'
[0.565s] Level 1:colcon.colcon_core.package_identification:_identify(dofbot_control) by extension 'ignore_ament_install'
[0.565s] Level 1:colcon.colcon_core.package_identification:_identify(dofbot_control) by extensions ['colcon_pkg']
[0.565s] Level 1:colcon.colcon_core.package_identification:_identify(dofbot_control) by extension 'colcon_pkg'
[0.565s] Level 1:colcon.colcon_core.package_identification:_identify(dofbot_control) by extensions ['colcon_meta']
[0.565s] Level 1:colcon.colcon_core.package_identification:_identify(dofbot_control) by extension 'colcon_meta'
[0.565s] Level 1:colcon.colcon_core.package_identification:_identify(dofbot_control) by extensions ['ros']
[0.565s] Level 1:colcon.colcon_core.package_identification:_identify(dofbot_control) by extension 'ros'
[0.565s] DEBUG:colcon.colcon_core.package_identification:Package 'dofbot_control' with type 'ros.ament_python' and name 'dofbot_control'
[0.566s] Level 1:colcon.colcon_core.package_identification:_identify(dofbot_moveit) by extensions ['ignore', 'ignore_ament_install']
[0.566s] Level 1:colcon.colcon_core.package_identification:_identify(dofbot_moveit) by extension 'ignore'
[0.566s] Level 1:colcon.colcon_core.package_identification:_identify(dofbot_moveit) by extension 'ignore_ament_install'
[0.566s] Level 1:colcon.colcon_core.package_identification:_identify(dofbot_moveit) by extensions ['colcon_pkg']
[0.566s] Level 1:colcon.colcon_core.package_identification:_identify(dofbot_moveit) by extension 'colcon_pkg'
[0.566s] Level 1:colcon.colcon_core.package_identification:_identify(dofbot_moveit) by extensions ['colcon_meta']
[0.566s] Level 1:colcon.colcon_core.package_identification:_identify(dofbot_moveit) by extension 'colcon_meta'
[0.566s] Level 1:colcon.colcon_core.package_identification:_identify(dofbot_moveit) by extensions ['ros']
[0.566s] Level 1:colcon.colcon_core.package_identification:_identify(dofbot_moveit) by extension 'ros'
[0.567s] DEBUG:colcon.colcon_core.package_identification:Package 'dofbot_moveit' with type 'ros.ament_cmake' and name 'dofbot_moveit'
[0.567s] Level 1:colcon.colcon_core.package_identification:_identify(dofbot_moveit_config) by extensions ['ignore', 'ignore_ament_install']
[0.567s] Level 1:colcon.colcon_core.package_identification:_identify(dofbot_moveit_config) by extension 'ignore'
[0.567s] Level 1:colcon.colcon_core.package_identification:_identify(dofbot_moveit_config) by extension 'ignore_ament_install'
[0.567s] Level 1:colcon.colcon_core.package_identification:_identify(dofbot_moveit_config) by extensions ['colcon_pkg']
[0.567s] Level 1:colcon.colcon_core.package_identification:_identify(dofbot_moveit_config) by extension 'colcon_pkg'
[0.567s] Level 1:colcon.colcon_core.package_identification:_identify(dofbot_moveit_config) by extensions ['colcon_meta']
[0.567s] Level 1:colcon.colcon_core.package_identification:_identify(dofbot_moveit_config) by extension 'colcon_meta'
[0.567s] Level 1:colcon.colcon_core.package_identification:_identify(dofbot_moveit_config) by extensions ['ros']
[0.567s] Level 1:colcon.colcon_core.package_identification:_identify(dofbot_moveit_config) by extension 'ros'
[0.568s] DEBUG:colcon.colcon_core.package_identification:Package 'dofbot_moveit_config' with type 'ros.ament_cmake' and name 'dofbot_moveit_config'
[0.568s] Level 1:colcon.colcon_core.package_identification:_identify(install) by extensions ['ignore', 'ignore_ament_install']
[0.568s] Level 1:colcon.colcon_core.package_identification:_identify(install) by extension 'ignore'
[0.568s] Level 1:colcon.colcon_core.package_identification:_identify(install) ignored
[0.568s] Level 1:colcon.colcon_core.package_identification:_identify(log) by extensions ['ignore', 'ignore_ament_install']
[0.568s] Level 1:colcon.colcon_core.package_identification:_identify(log) by extension 'ignore'
[0.568s] Level 1:colcon.colcon_core.package_identification:_identify(log) ignored
[0.568s] Level 1:colcon.colcon_core.package_discovery:discover_packages(recursive) using defaults
[0.568s] Level 1:colcon.colcon_core.package_discovery:discover_packages(ignore) discover
[0.568s] Level 1:colcon.colcon_core.package_discovery:discover_packages(ignore) using defaults
[0.568s] Level 1:colcon.colcon_core.package_discovery:discover_packages(path) discover
[0.568s] Level 1:colcon.colcon_core.package_discovery:discover_packages(path) using defaults
[0.597s] INFO:colcon.colcon_core.package_selection:Skipping not selected package 'Arm_Lib' in 'Code/Dofbot/0.py_install'
[0.597s] INFO:colcon.colcon_core.package_selection:Skipping not selected package 'arm_info' in 'Code/catkin_ws/src/arm_info'
[0.597s] INFO:colcon.colcon_core.package_selection:Skipping not selected package 'arm_mediapipe' in 'Code/dofbot_ws/src/arm_mediapipe'
[0.597s] INFO:colcon.colcon_core.package_selection:Skipping not selected package 'dofbot_control' in 'dofbot_control'
[0.597s] INFO:colcon.colcon_core.package_selection:Skipping not selected package 'dofbot_info' in 'Code/dofbot_ws/src/dofbot_info'
[0.597s] INFO:colcon.colcon_core.package_selection:Skipping not selected package 'dofbot_mediapipe' in 'Code/dofbot_ws/src/dofbot_mediapipe'
[0.597s] INFO:colcon.colcon_core.package_selection:Skipping not selected package 'dofbot_visual' in 'Code/dofbot_ws/src/dofbot_visual'
[0.597s] INFO:colcon.colcon_core.package_selection:Skipping not selected package 'yahboomcar_description' in 'Code/dofbot_ws/src/yahboomcar_description'
[0.598s] INFO:colcon.colcon_core.package_selection:Skipping not selected package 'yahboomcar_msgs' in 'Code/dofbot_ws/src/yahboomcar_msgs'
[0.598s] INFO:colcon.colcon_core.package_selection:Skipping not selected package 'arm_color_identify' in 'Code/catkin_ws/src/arm_color_identify'
[0.598s] INFO:colcon.colcon_core.package_selection:Skipping not selected package 'arm_color_stacking' in 'Code/catkin_ws/src/arm_color_stacking'
[0.598s] INFO:colcon.colcon_core.package_selection:Skipping not selected package 'arm_garbage_identify' in 'Code/catkin_ws/src/arm_garbage_identify'
[0.598s] INFO:colcon.colcon_core.package_selection:Skipping not selected package 'arm_snake_follow' in 'Code/catkin_ws/src/arm_snake_follow'
[0.598s] INFO:colcon.colcon_core.package_selection:Skipping not selected package 'dofbot_color_identify' in 'Code/dofbot_ws/src/dofbot_color_identify'
[0.598s] INFO:colcon.colcon_core.package_selection:Skipping not selected package 'dofbot_color_stacking' in 'Code/dofbot_ws/src/dofbot_color_stacking'
[0.598s] INFO:colcon.colcon_core.package_selection:Skipping not selected package 'dofbot_config' in 'Code/dofbot_ws/src/dofbot_config'
[0.598s] INFO:colcon.colcon_core.package_selection:Skipping not selected package 'dofbot_garbage_yolov5' in 'Code/dofbot_ws/src/dofbot_garbage_yolov5'
[0.598s] INFO:colcon.colcon_core.package_selection:Skipping not selected package 'dofbot_moveit_config' in 'dofbot_moveit_config'
[0.598s] INFO:colcon.colcon_core.package_selection:Skipping not selected package 'dofbot_snake_follow' in 'Code/dofbot_ws/src/dofbot_snake_follow'
[0.598s] Level 1:colcon.colcon_core.package_discovery:discover_packages(prefix_path) check parameters
[0.598s] Level 1:colcon.colcon_core.package_discovery:discover_packages(prefix_path) discover
[0.600s] DEBUG:colcon.colcon_installed_package_information.package_discovery:Found 357 installed packages in /opt/ros/humble
[0.602s] Level 1:colcon.colcon_core.package_discovery:discover_packages(prefix_path) using defaults
[0.636s] ERROR:colcon:colcon build: Duplicate package names not supported:
- dofbot_moveit:
  - Code/dofbot_ws/src/dofbot_moveit
  - dofbot_moveit
